index,obj_pos_x,obj_pos_y,obj_pos_z,obj_qtn_x,obj_qtn_y,obj_qtn_z,obj_qtn_w,obj_joint_0_pos,obj_joint_1_pos,obj_joint_2_pos,obj_joint_3_pos,obj_joint_4_pos,obj_joint_5_pos,obj_joint_6_pos,obj_joint_7_pos,obj_joint_8_pos,obj_joint_9_pos
0,0.0,0.0,3.0,0.0,0.0,0.0,1.0,0.0,0.0,0.0,0.0,0.0,0.0,0.0,0.0,0.0,0.0
8,1.2250689522173276e-38,1.555782394042443e-37,2.993871523275145,-3.358871679465595e-19,2.115114584753812e-19,4.781443049855598e-38,1.0,7.837560851171822e-39,-2.822034661555868e-21,3.010949103134352e-39,6.018531076210112e-36,2.844072663003588e-41,-1.6690967944874353e-20,2.100825155804397e-37,3.247554714787825e-19,1.5575859298669154e-37,3.0596755444264967e-19
16,7.160775920715652e-37,3.9509324328637924e-36,2.9768630882347153,-1.4167733714241786e-18,6.822725436451615e-19,9.06572597993749e-37,1.0,2.7972163706579264e-38,-5.299332173248608e-21,9.453735890666451e-39,8.375789081059072e-36,9.39213256982332e-41,-1.583752517454688e-20,8.096273493310485e-37,4.2392899003891874e-19,6.550093107137587e-37,3.8296467831307165e-19
24,2.6849509831716092e-36,1.7022251454625176e-35,2.949003375198647,-2.9894559993614626e-18,1.3142707497900188e-18,2.727014282079223e-36,1.0,1.1996825474465146e-37,-6.891461507209061e-21,3.740860168737737e-38,1.319061394202716e-35,1.3664409096150628e-40,-1.5513638254137044e-20,3.1896485165171614e-36,4.967205534834588e-19,2.8483443804491052e-36,4.41314519159806e-19
32,5.59819882588223e-36,4.257181456660738e-35,2.910330383387069,-5.008837788848997e-18,2.1721412084424617e-18,5.9645719725577814e-36,1.0,-6.278110747265124e-38,-8.695999339068627e-21,-5.320620230179752e-38,2.0613468936019633e-35,1.952127463957464e-40,-2.6843517907446595e-20,4.6918129528456694e-36,6.728664757047058e-19,4.0862435387806415e-36,5.930313199891868e-19
40,8.46201162772317e-36,8.395816568415032e-35,2.8608913012281474,-7.81548696506659e-18,3.2660835498948185e-18,1.4928476344685418e-35,1.0,1.9124594818671837e-37,-1.0850857816579963e-20,3.672560597604658e-38,3.104558946811716e-35,2.985219283938889e-40,-2.7008114855026217e-20,1.2040406866111725e-35,7.741793965557526e-19,1.0818585832497703e-35,6.758796756551635e-19
48,1.2813085846472925e-35,1.439745477929341e-34,2.8007423458539797,-1.1116727280315769e-17,4.570835558577312e-18,3.2976008580245897e-35,1.0,1.1678259394224715e-36,-1.3397799329250635e-20,4.11742374465049e-37,3.244991338589952e-35,4.12220616523589e-40,-1.8958909336068366e-20,2.1811339365266232e-35,8.334265773142347e-19,1.9543604965645424e-35,7.249712420174726e-19
56,1.4785033092509113e-35,2.1790250351718105e-34,2.729948572939697,-1.4851054181024966e-17,6.254490288915966e-18,6.49699121806148e-35,1.0,2.4622227787471714e-36,-1.6000348289972485e-20,9.196422383379065e-37,4.4888210943400417e-35,4.8191988625186656e-40,-1.1939088575781851e-20,3.541871442286672e-35,8.868658598376444e-19,3.244225843855649e-35,7.577129035869221e-19
64,2.6695250577199524e-35,4.363553344392453e-34,2.6485836582429436,-1.923420669789101e-17,8.20999637929902e-18,1.1901076419386243e-34,1.0,4.4430481564158006e-36,-1.8804561571607845e-20,1.6794762051229474e-36,5.271230134247357e-35,5.242424947989178e-40,-1.400204971669319e-20,4.6120638668770686e-35,1.01127489634068e-18,4.090619760206816e-35,8.47113939701172e-19
72,5.236728455257526e-35,7.185664183527225e-34,2.556729652386376,-2.431767263813647e-17,1.0427276638534008e-17,1.932677890135296e-34,1.0,4.1162742872245435e-36,-2.1394409147541242e-20,1.4763211213935661e-36,5.431724296279627e-35,5.596819459359566e-40,3.66765603218356e-21,6.359737691467251e-35,9.555447524584463e-19,5.739969059150171e-35,7.752336061539186e-19
80,-0.00012366488637095984,-4.3048676480518085e-05,2.454999499480059,-0.0007665637535941743,0.0007715491471223725,-8.178308189856752e-05,0.9999994052015495,-6.414832721518053e-07,0.001382950577317908,-7.967062152745814e-07,1.5996064027361904e-08,-6.867897356199923e-07,-0.00021845248861732136,-8.142108381247509e-07,-5.5101507804825745e-09,-0.0020211345154821387,0.02562256302814723
88,-0.00106027670091812,-0.00028869007784630484,2.3462073380980075,-0.0050758590108579945,0.005914899672902818,-0.00097745927643383,0.9999691466192966,7.431798565373499e-08,0.00587998075012516,-2.609878401380736e-07,-3.600388349687659e-08,-3.1796292955339204e-07,-0.00021891265106459794,1.853258370147852e-06,1.199243306954629e-07,-0.007474357295243202,0.1740062061160087
96,-5.566438220751927e-05,-0.00178025049307125,2.2315656407942073,-0.0019088760673550758,0.013501113220470248,-0.006040495257539608,0.9998887880914613,-0.0442740642200192,0.08227835263804373,2.578073396062963e-08,-5.519086694206186e-09,0.00010939054866231081,-0.00021906615364966612,9.54028517601602e-05,0.0013056888139307203,-0.0074741492365010525,0.3391399342243476
104,0.001881737015917952,-0.0022381501053608715,2.1085975097796856,0.001158653986078924,0.021414597034445985,-0.014109055538137542,0.9996704492514594,-0.07739599608260186,0.1621865132465595,2.709663608326119e-07,1.221315982244706e-07,0.00010936870768976168,1.8341592012629843e-05,0.003421728645973168,0.03969746717839423,-0.007474325247235122,0.4923697963228149
112,0.004452855328568501,0.0017866611195138144,1.980541128323931,-0.031477513743516004,0.03948444317118441,-0.026814498609325835,0.9983642258916927,-0.08558812309160929,0.33920527698813097,0.007242918282525048,0.031110277039954108,-0.016082219135654566,0.03542635452803482,0.017082439440407927,0.14179844373887068,-0.02394862369465355,0.5018663395549945
120,0.006978785212644487,0.008902318960393443,1.84666540991022,-0.0632577809662707,0.05749252617862767,-0.04223361860788061,0.9954443148866275,-0.08794677928040413,0.5430036523212443,0.014207860171956669,0.0828175470161714,-0.02421517888959621,0.09304681307920105,0.018459215519066905,0.24384780478556117,-0.02501319607716264,0.5003141094930639
128,0.010067395218567254,0.01900676144987181,1.708178679839995,-0.08644261978492089,0.07639675101262632,-0.05815108661380676,0.9916197159420883,-0.08752175640997845,0.7627869411610404,0.014206791239959504,0.08742692017182795,-0.02421235690881554,0.1788494122211987,0.018455559213363174,0.3533077969840947,-0.0261647225477573,0.5000643106919346
136,0.013652167365209678,0.03176353860086667,1.563598430333616,-0.10116228651085725,0.09537815414399979,-0.07384815372979103,0.9875300753347616,-0.08744634880535836,0.965782682897718,0.014206275009652247,0.08743002150261807,-0.024231485378322544,0.24687130381155054,0.018454137203158884,0.4609250084573221,-0.026157991748728175,0.5000108058133821
144,0.017559585965990537,0.04922464898971445,1.4177174975210431,-0.13163682969770898,0.10039537692624721,-0.08589706576903373,0.9824531578916337,-0.15822914158379567,1.1952355741255472,0.02466776872000824,0.22583347863927636,-0.023718347529827797,0.3649487995411901,0.010101369170753516,0.5018838620712901,-0.018143945896205587,0.4744926822838805
152,0.02308475057727652,0.06739164474719918,1.2711443253422487,-0.16213426029606284,0.10841696326155963,-0.10133523280187073,0.9755457007789952,-0.3055441813844135,1.4075446573535626,0.02457674021018093,0.46637123521160645,0.01700180275390299,0.5167178694481329,0.006553628121735977,0.5003170918247424,-0.021868446042223898,0.4713949555275695
160,0.029205091512258897,0.08493882858778269,1.1547910904779095,-0.11823162417758663,0.11424551239962158,-0.12273177434270051,0.978726804326708,-0.38102075792865564,1.4348224624983268,0.04234231094916949,0.5849937921238839,0.1953219987317963,0.5205295145087885,0.006299744550761166,0.5000509201980202,-0.03497454439424344,0.5024395304738135
168,0.033853676860002284,0.11461110217031441,1.09596581327326,0.0012557085977343075,0.11988510262863165,-0.14815679357291625,0.9816697763921595,-0.29971866220224647,1.2876228292599832,0.18088565197145148,0.5849588827544783,0.1537853447464243,0.5085545228402862,0.005629079878491708,0.5000057031865458,-0.04460827657133893,0.5004059157625546
176,0.0406592277127227,0.1485025291738658,1.0427206257481465,0.09456888389759345,0.12362989413985631,-0.16954679990271992,0.9731527414111715,-0.3197958203797435,1.1756472314495194,0.29038169751207804,0.5849655113598853,0.1339270573345771,0.5010248265741457,-0.011231072426739298,0.5020101501836359,-0.03275677698692857,0.4571351833064021
184,0.04835279917754256,0.19329683858147229,1.0117081473425282,0.11964196914016406,0.11985436381370625,-0.1868501104737823,0.967681645434598,-0.49012941253970393,1.1848735026079746,0.35526120029705655,0.5872526892325004,0.07404823072346817,0.500451375724776,-0.042289845429754856,0.5010206647513757,-0.0018751374508548047,0.37858636870408413
192,0.05550244067793682,0.22964538412986776,0.994066875864036,0.14574914546263568,0.12251449839586434,-0.21903454873011763,0.9569593777910925,-0.5024487594962703,1.1786634517607795,0.43712310827016687,0.5887235892156433,0.05692258638456668,0.5003627174944424,-0.0935581317505274,0.500518997070494,0.04599607093295673,0.4401145081729526
200,0.06240519879860412,0.26139934335961995,0.9786148255049799,0.1721816283957096,0.12773852910338618,-0.24493354131365047,0.9455389549696297,-0.5002101144735648,1.1672202899991413,0.5074507835077054,0.5913274118703594,0.08328659165567862,0.5004357990246266,-0.12467831281123434,0.5023542722151804,0.05556822216389259,0.4719677512192248
208,0.06622565083790993,0.2858624100325134,0.9809821271605014,0.18642677669251723,0.12813146418080384,-0.2527189498502408,0.9407234010087733,-0.4999900462958937,1.1575040737435611,0.5013586505925679,0.5920047962357814,0.1193850682453845,0.5001909740490563,-0.12237227935413732,0.5004636726143128,0.046628781749519614,0.4709736413370021
216,0.06874075375959869,0.3092986904313153,0.9758746886164124,0.20701734145367823,0.12873256386341467,-0.25518284344565106,0.9356567018675148,-0.4999796001847079,1.1384640783439135,0.5003079112361676,0.5922041841574774,0.125714147914238,0.5001178363446103,-0.12240291377125063,0.5000863887640075,0.04657138737695324,0.47096028262510387
224,0.07131499534921762,0.3273172084942708,0.9772661780091557,0.2149438653434059,0.1298295128481329,-0.2545589617375118,0.9338860569384106,-0.5008995846053562,1.137890076356391,0.5001692595461416,0.5930369031612154,0.1370024733747594,0.5002075560993602,-0.14863672308080694,0.5000814656979408,0.04669450147364761,0.46266798401368986
232,0.0729557722726506,0.33810998865064695,0.9800931875161353,0.2186947480336795,0.13035456192121242,-0.25475412031093386,0.9328883285546113,-0.5001269861670125,1.1362822506306154,0.5001221661434692,0.5936237419039432,0.14661938472626007,0.5001736344800725,-0.1542904611705261,0.5000867854527068,0.046712414508839895,0.4626485960662409
240,0.07407738195457045,0.3438542252653833,0.9813237070400692,0.22017353001569773,0.1307000618274846,-0.2538417453767363,0.9327408422615633,-0.4999927104894857,1.1360911190386638,0.5001529316709201,0.5940641146749284,0.1490828689959051,0.5001482984398742,-0.15430170808210966,0.5000362603102756,0.04670294106033823,0.4626497623815675
248,0.07444189305941631,0.34520318642121145,0.98141870186857,0.22030885666045247,0.13077876136540714,-0.25297965995768146,0.932932052670713,-0.49997208572893814,1.1354419862238527,0.5001518979702718,0.594523294362773,0.14872551365880635,0.5001706468809566,-0.15432162278018002,0.5000204158566782,0.046674767383467,0.46265631597978313
256,0.07453872944152752,0.344646155144169,0.9811591224093412,0.22002610471805642,0.13075152506351687,-0.2527504598183283,0.9330647121168966,-0.49995415248886504,1.1348914776402637,0.5002025794402342,0.5948307772279591,0.14862621146830676,0.5001316001551656,-0.15434426255082254,0.5000074607142756,0.04664367485853726,0.46266115993763157
264,0.07471211909930255,0.3432974623799548,0.9806014605376292,0.21946579455632487,0.13060956499372522,-0.2522075308889233,0.9333634168504912,-0.49997177000583565,1.1348535581251764,0.5002497537970093,0.5952022754777577,0.1485258679299534,0.5001079187135511,-0.1543657006239205,0.500110222689468,0.046601226427060036,0.4626828774889424
272,0.07493423915921367,0.34118307610078424,0.9797997564781111,0.2186425957113854,0.13034882550449362,-0.2513690447287163,0.9338191486483661,-0.5000029809844364,1.1348209441516972,0.5002645126275921,0.5955705996835199,0.14843218543931286,0.5000973852963657,-0.15439442855268157,0.5000167814266525,0.046558848718658986,0.46269735499033204
280,0.07519972453726619,0.33838262759006577,0.9787945342495914,0.217619756977341,0.12999348383325307,-0.2502556763699233,0.9344064597265203,-0.5000003695779027,1.1347799712520699,0.5002558163101508,0.5959218204723811,0.14563615232411678,0.5000851321307143,-0.15441266341656118,0.5000013273825927,0.04651783109860016,0.46272220866330527
288,0.07550246283242257,0.334990376703238,0.9776324527934174,0.21643118626834118,0.12956088567507085,-0.2489135478532829,0.9351008310383759,-0.5000008203256642,1.1347484300407074,0.5002450773978208,0.5962345762402919,0.13983888190989627,0.5000748255721191,-0.1544356771913542,0.5000413582857699,0.046481271725459454,0.46273872575842323
296,0.07585612383765204,0.3310350879399692,0.9763146521036902,0.2150487587914589,0.1290517535024862,-0.24736548376038964,0.9359006323879554,-0.5000004101229527,1.1347123867182658,0.5002422818348715,0.5965427349482073,0.1331268816796895,0.5000701275047436,-0.15445481928814958,0.5000065713665895,0.046445068549293846,0.462759366616825
304,0.07626115576414959,0.32657312505609387,0.974863843259735,0.21349521656359727,0.12847419933436774,-0.24563049354956107,0.9367923106262428,-0.4999954437343759,1.1346719582791023,0.5002453658608408,0.5968421402783198,0.1255921324433187,0.5000669142832983,-0.15446963319946816,0.5000005898140801,0.046408296602463046,0.4627845643151912
312,0.07671608908471239,0.3216680200574254,0.973309209226591,0.2117870661638325,0.1278377438236196,-0.24373247649305654,0.9377623524978835,-0.4999966031429263,1.13463388838753,0.5002484438213727,0.5971327538571037,0.11735203301411948,0.5000649745266061,-0.15448662919154965,0.5000089054771737,0.046371446085067484,0.4628071018309612
320,0.07721813900180532,0.3163895255362459,0.9716826369823695,0.20994302801893494,0.1271533048145602,-0.2417010534634856,0.9387952720458372,-0.49999631390363053,1.134593318600236,0.5002538577726324,0.5974125719404202,0.10854507958602681,0.5000629717932554,-0.1545014906183055,0.5000012720917464,0.046333534554116554,0.4628321990940522
328,0.0777639823939803,0.31081383588553313,0.970013262877953,0.20798680275254916,0.1264315557487531,-0.23956540574219037,0.9398749746446609,-0.49999707175629166,1.1345514500010294,0.5002605411510637,0.5976804534348601,0.09930557830548853,0.5000612181104226,-0.15451537302153728,0.500001378155126,0.046294427539863306,0.46285853947690486
336,0.07832078794128558,0.3051708733044598,0.9684118604041018,0.2059053169919215,0.12571564367068,-0.23741519677027778,0.9409742832370358,-0.5000013094518847,1.1345117322470124,0.5002083906953092,0.5980385366785547,0.09010101248192744,0.500087094878761,-0.15599552410369033,0.5000731219808668,0.046259703292597584,0.462884147371598
344,0.07842653545167706,0.3010006822294743,0.9679229617377265,0.20368956956043652,0.12535375419421377,-0.23630995835218638,0.9417826708669516,-0.4999976903302053,1.1344762235253363,0.5001938755566376,0.5983621838766877,0.08582494500223616,0.5000832291618336,-0.15601778868126484,0.5000207396817438,0.04622852600872266,0.4629068998604138
352,0.07830026214329285,0.298234032680017,0.9675585136361687,0.20215240338191465,0.12517295782483145,-0.23567855621228062,0.9422960015716895,-0.499996740038182,1.1344314456302804,0.5001640626857177,0.5987300474263442,0.0856356038273407,0.5000894793851528,-0.1560329643234914,0.5000137472325937,0.04619817759996361,0.46293786506950463
360,0.07806250622202664,0.2968887895716692,0.9673390653713929,0.20131282366387002,0.12516308618535005,-0.23533628040399585,0.9425625623854631,-0.49999486155669337,1.134384895298347,0.5001455886616004,0.5991152067992694,0.08555770255713938,0.5000963496289488,-0.15604460979197174,0.5000138955040374,0.04617061813321141,0.4629706474730535
368,0.07793516836504341,0.29676255205317953,0.9672367282026254,0.20106079383664338,0.12524897908771515,-0.235192507326437,0.9426408302830764,-0.49997213076724845,1.1343377448332042,0.5001453878832391,0.5995401150525415,0.0854201680119703,0.5001170608164338,-0.15604467233487695,0.5000156294967912,0.04615269707125702,0.46300585391754806
376,0.07784317532159014,0.2968014634852003,0.9671492403999434,0.20088515182201308,0.1253454104019591,-0.2350524880365641,0.9427003828027397,-0.4999343327974024,1.1342958981338682,0.5001449673413034,0.599974486520904,0.08526092768755075,0.5001275226312507,-0.1560403895435439,0.500015663592174,0.04614014100394669,0.46303763600092307
384,0.07775084948794232,0.2968403488050838,0.9670616896785754,0.20070869065137423,0.12544406500894223,-0.23491154979535453,0.9427599757222344,-0.49989390348758056,1.1342553695149018,0.500145354809611,0.600410083647924,0.08510377198574817,0.5001317611515056,-0.15603641371631233,0.5000157696110034,0.04612742732163728,0.46306864091985006
392,0.07765871445414459,0.2968789522503535,0.9669746433359925,0.20053286125296602,0.12554325189805599,-0.2347707326170173,0.9428192650593372,-0.49985249846023,1.1342153921558855,0.5001456715327229,0.6008460831395341,0.08494752537567155,0.5001334759918302,-0.15603257728896125,0.5000158265039863,0.046114647824947966,0.4630993022700235
400,0.07756663374319886,0.2969174062508384,0.9668878070130992,0.20035727508857767,0.1256426687366947,-0.23462994562980496,0.9428783965737872,-0.4998107315267014,1.1341756269709669,0.5001458574467914,0.6012822897099867,0.08479160979764533,0.5001341649436897,-0.15602879975591705,0.500015853996378,0.04610184011464245,0.46312982665632657
408,0.07747454502670768,0.2969557691438608,0.9668010504088561,0.20018175411970357,0.12574220305420647,-0.23448914120675596,0.9429374350108024,-0.4997688342695502,1.1341359354672529,0.5001459643330209,0.6017186478918165,0.08463579156170775,0.5001344392089907,-0.15602504484037544,0.5000158674085496,0.04608902161040178,0.46316030115109474
416,0.07738242289758897,0.29699406493869274,0.9667143198238823,0.2000062243263572,0.125841810623823,-0.23434829965714069,0.9429964068740876,-0.4997268962234239,1.134096262311822,0.5001460316835642,0.6021551347194369,0.08447997946241378,0.5001345455676977,-0.15602129713199364,0.5000158745105231,0.04607620005229313,0.46319076110473156
424,0.07729025699179716,0.29703230346027837,0.9666275932226133,0.19983065511879267,0.12594147391928698,-0.23420741285836272,0.9430553229710461,-0.4996849524671905,1.1340565852890598,0.5001460808673392,0.602591740763306,0.08432413753684065,0.5001345838597877,-0.15601755017686164,0.5000158788810674,0.04606337877814976,0.4632212208720165
432,0.0771980430680213,0.2970704887046232,0.9665408615884443,0.19965503388455721,0.1260411859721927,-0.23406647744719528,0.9431141876881829,-0.4996430168863149,1.1340168954456773,0.5001461221049757,0.6030284622057573,0.08416825149721621,0.5001345945382303,-0.15601380129554396,0.5000158820918857,0.04605055920236154,0.4632516862833193
440,0.07710577937668076,0.29710862228062973,0.9664541212398728,0.199479355412216,0.12614094402120754,-0.23392549201194493,0.9431730027904397,-0.4996010950215705,1.1339771891624655,0.5001461599943153,0.60346529754288,0.08401231564069078,0.500134594011574,-0.1560100493809828,0.5000158848148851,0.04603774191914943,0.46328215970648795
448,0.07701346518215092,0.29714670482193095,0.9663673706766664,0.19930361752582568,0.12624074699105045,-0.2337844559392489,0.9432317689738033,-0.49955918909901054,1.1339374649723892,0.500146196532619,0.6039022462211132,0.08385632768872275,0.5001345889407731,-0.15600629397616303,0.500015887332622,0.04602492717841339,0.4633126421024045
456,0.07692110016137085,0.29718473656434363,0.9662806092889851,0.199127819291165,0.12634059448501644,-0.23364336894176033,0.9432904864987574,-0.4995173000193177,1.133897722278776,0.5001462325690157,0.6043393080762895,0.08370028673577336,0.500134582031406,-0.15600253489142435,0.5000158897626761,0.046012115086981366,0.4633431338600708
464,0.07682868415911075,0.2972227175815766,0.9661938368300391,0.19895196028099155,0.12644048638036906,-0.23350223086507524,0.9433491554484371,-0.49947542815064705,1.1338579608375288,0.5001462684595743,0.6047764831035916,0.0835441924289241,0.5001345743829381,-0.15599877204667717,0.5000158921536387,0.045999305692644925,0.4633736351359846
472,0.07673621708837791,0.2972606478813123,0.9661070532009481,0.1987760402747277,0.12654042266526389,-0.23336104160890886,0.9434077758337597,-0.4994335736464039,1.133818180547551,0.5001463043522846,0.6052137713634282,0.08338804463830256,0.5001345664423312,-0.1559950054066245,0.5000158945255,0.04598649901895336,0.46340414599209934
480,0.07664369888988855,0.29729852744433194,0.9660202583630522,0.19860005913590284,0.12664040337284746,-0.23321980109494858,0.9434663476362106,-0.49939173657314057,1.133778381365797,0.5001463403083194,0.6056511729429873,0.08323184332424606,0.5001345583913597,-0.15599123495424513,0.5000158968864604,0.045973695079536955,0.4634346664519177
488,0.07655112951557307,0.29733635624043925,0.9659334523021902,0.1984240167621834,0.12674042855457623,-0.23307850925374785,0.9435248708252548,-0.49934991696218667,1.1337385632728034,0.5001463763529056,0.6060886879405448,0.08307558848363442,0.5001345503039905,-0.15598746067996114,0.5000158992398795,0.0459608938839801,0.4634651965233042
496,0.07645850892186305,0.2973741342349378,0.965846635014157,0.1982479130650145,0.12684049826940044,-0.2329371660193862,0.9435833453654179,-0.49930811483053644,1.133698726258693,0.5001464124964629,0.606526316459067,0.0829192801281728,0.5001345422103539,-0.15598368257721823,0.5000159015871342,0.04594809544022312,0.4634957362077621
504,0.0763658370669595,0.2974118613912645,0.9657598064987832,0.19807174796133167,0.12694061257937406,-0.2327957713272947,0.9436417712191666,-0.4992663301893128,1.1336588703174866,0.5001464487433342,0.6069640586036046,0.08276291827558954,0.5001345341227527,-0.15597990064068473,0.5000159039287914,0.04593529975554248,0.4635262855042083
512,0.07627311390972022,0.2974495376720603,0.9656729667575253,0.1978955213701841,0.127040771547872,-0.23265432511336895,0.9437001483480795,-0.49922456304720086,1.1336189954447917,0.5001464850953745,0.6074019144802307,0.08260650294606682,0.5001345260462376,-0.15597611486551793,0.5000159062650871,0.04592250683695029,0.4635568444105088
520,0.07618033940920722,0.29748716303960543,0.9655861157924853,0.1977192332113621,0.12714097523886636,-0.2325128273136086,0.9437584767133237,-0.4991828134118417,1.1335791016368637,0.5001465215534224,0.6078398841956084,0.08245003416079244,0.5001345179829108,-0.15597232524706536,0.5000159085961225,0.04590971669135711,0.4635874129241031
528,0.07608751352450194,0.29752473745599617,0.9654992536060123,0.1975428834048364,0.12724122371663205,-0.23237127786397022,0.9438167562758476,-0.4991410812903981,1.133539188890222,0.5001465581179017,0.6082779678568152,0.08229351194137192,0.5001345099336735,-0.1559685317807432,0.500015910921944,0.045896929325638186,0.46361799104225865
536,0.07599463621463017,0.2975622608832166,0.9654123802005391,0.1973664718705317,0.12734151704562713,-0.2322296767003073,0.9438749869964601,-0.4990993666897861,1.133499257201495,0.5001465947890671,0.6087161655712708,0.08213693630958782,0.5001345018989392,-0.15596473446198703,0.5000159132425753,0.04588414474666021,0.4636485787621738
544,0.07590170743853156,0.29759973328316713,0.9653254955785178,0.19718999852823316,0.12744185529044416,-0.23208802375834514,0.9439331688358613,-0.4990576696167669,1.1334593065673586,0.5001466315671054,0.6091544774467104,0.08198030728730464,0.5001344938789232,-0.1559609332862314,0.5000159155580313,0.04587136296129241,0.46367917608102066
552,0.07580872715504647,0.2976371546176768,0.9652385997423908,0.19701346329754776,0.12754223851579088,-0.2319463189736707,0.9439913017546566,-0.49901599007798614,1.133419336984507,0.5001466684521754,0.6095929035911705,0.08182362489642753,0.5001344858737592,-0.1559571282489019,0.5000159178683223,0.0458585839764109,0.46370978299596183
560,0.07571569532291118,0.2976745248485069,0.9651516926945821,0.19683686609788986,0.12764266678648203,-0.23180456228172874,0.9440493857133602,-0.498974328079989,1.1333793484496448,0.5001467054444254,0.6100314441129867,0.08166688915888705,0.5001344778835493,-0.1559533193454115,0.5000159201734586,0.045845807798900455,0.46374039950415746
568,0.07562261190075517,0.29771184393735367,0.9650647744374916,0.19666020684847374,0.1277431401674363,-0.2316627536178194,0.9441074206723977,-0.49893268362922594,1.1333393409594825,0.5001467425439999,0.610470099120791,0.08151010009663195,0.500134469908382,-0.1559495065711596,0.5000159224734487,0.04583303443565523,0.46377102560276834
576,0.07552947699780944,0.2977491117761412,0.9649778451328923,0.19648348577594416,0.12784365859616154,-0.23152089313649288,0.9441654064915549,-0.49889105678201834,1.13329931459081,0.5001467795876856,0.6109088681178819,0.08135325799082328,0.5001344618128958,-0.15594568994258406,0.50001592474821,0.04582026390142153,0.4638016612250496
584,0.07543629088829021,0.2977863281922646,0.9648909050979423,0.19630670341596207,0.12794422183945497,-0.2313789812419658,0.9442233429286123,-0.4988494476641468,1.1332592694916637,0.5001468164217063,0.6113477498537767,0.0811963634183158,0.5001344534468862,-0.15594186948339495,0.5000159269804274,0.04580749623288307,0.4638323062495565
592,0.07534305353285801,0.2978234931596757,0.964803954310197,0.19612985965915655,0.12804482992363808,-0.23123701788352544,0.9442812299523062,-0.4988078563094196,1.1332192056377415,0.5001468532457665,0.6117867443246457,0.08103941640964878,0.5001344449655964,-0.1559380451726258,0.5000159291943367,0.045794731450960795,0.4638629606912662
600,0.07524976488286408,0.29786060664908265,0.9647169927527669,0.1959529543967817,0.12814548290265526,-0.23109500299066674,0.9443390675321878,-0.49876628273796075,1.1331791230113495,0.5001468901368359,0.612225851624784,0.08088241697263741,0.5001344364449829,-0.15593421699832444,0.5000159313986301,0.04578196956741473,0.46389362455853617
608,0.07515642489460082,0.2978976686257743,0.9646300204208829,0.19577598753795344,0.1282461808359026,-0.2309529364971886,0.9443968556321383,-0.49872472696308956,1.133139021603397,0.5001469271205289,0.6126650718548281,0.0807253651238755,0.5001344279165996,-0.15593038495313635,0.5000159335961156,0.045769210590995923,0.46392429785285966
616,0.07506303352632103,0.2979346790528636,0.9645430373145552,0.19559895899862065,0.1283469237853685,-0.23081081833852132,0.9444545942137138,-0.4986831889942546,1.1330989014085169,0.5001469642056865,0.6131044051179889,0.08056826088439968,0.500134419393507,-0.1559265490314029,0.5000159357877606,0.04575645452938522,0.4639549805729286
624,0.07496959073700987,0.29797163789256204,0.9644560434356774,0.19542186869729025,0.12844771181425033,-0.2306686484506556,0.9445122832374866,-0.49864166883897304,1.1330587624229203,0.5001470013955157,0.6135438515186736,0.08041110427729874,0.5001344108811212,-0.15592270922810114,0.5000159379739183,0.045743701389875595,0.4639856727162945
632,0.07487609648588556,0.2980085451066837,0.9643690387868792,0.19524471655335832,0.12854854498632665,-0.23052642676971744,0.9445699226635809,-0.4986001665038348,1.1330186046434816,0.5001470386912713,0.6139834111619484,0.08025389532657104,0.5001344023817126,-0.15591886553844547,0.5000159401547264,0.045730951179619596,0.4640163742800453
640,0.07478250112796991,0.2980454445056866,0.9642819237414051,0.19506727302577379,0.12864964447670055,-0.23038404806537233,0.9446275553715967,-0.4985583504432716,1.1329777400917767,0.5001475987348699,0.61442378630135,0.08009676948006213,0.5001340998688559,-0.15591669977399775,0.5000155492547346,0.045716801326440015,0.4640458174640081
648,0.07468847500747547,0.29808251926657975,0.9641942721820365,0.19488868954441171,0.12875148056056326,-0.23024100109145804,0.9446854166110156,-0.49851587777745654,1.1329344410949884,0.5001487960705279,0.6148670996775536,0.07993931464685013,0.50013359496372,-0.1559195285499867,0.5000149631566735,0.04569835462158908,0.46407165950967066
656,0.0745943559711864,0.2981195540500587,0.9641065770411614,0.19471002034732376,0.12885326290519258,-0.23009786990896736,0.9447432534177664,-0.49847366461642967,1.1328909629379544,0.5001491619600585,0.6153105790839641,0.0797815106147044,0.5001334218860506,-0.15592235541331328,0.500014862299053,0.04567985030107247,0.4640975807460036
664,0.07450017496837379,0.2981565398611997,0.9640188622071972,0.19453128423074145,0.1289550566905183,-0.22995468104107916,0.9448010465049133,-0.4984315428828745,1.1328474216090167,0.5001492888112002,0.6157541721274925,0.0796235704549576,0.500133356823732,-0.1559251862435854,0.500014847102596,0.04566132941043693,0.46412352838232773
672,0.074406035829708,0.2981933994674095,0.9639313046306396,0.1943528672978754,0.12905654705357436,-0.22981162614167933,0.9448587127850492,-0.4983899556986484,1.1328049279518553,0.5001486035546147,0.6161967622742502,0.07946541035658063,0.5001337078254031,-0.1559254537622669,0.5000153750168211,0.04564495412373288,0.4641513853627698
680,0.07431219047313076,0.298230007893109,0.9638442011568946,0.1941753251690359,0.1291575224142615,-0.2296690672500854,0.9449160793677841,-0.49834889999320897,1.1327644929116607,0.5001476475349346,0.6166370283756805,0.07930755012074228,0.5001341116097615,-0.15592154720082452,0.500015849708427,0.04563219759775657,0.4641822308213653
688,0.07421831978221687,0.29826655771752947,0.9637571053152421,0.19399772407369756,0.1292586306982944,-0.22952647213332616,0.9449733795373586,-0.49830763512972637,1.1327241522791278,0.5001474065170999,0.6170773865521705,0.0791498690873496,0.5001342519436149,-0.15591766828650708,0.5000159364004801,0.045619462399807825,0.4642130239488327
696,0.07412440490157908,0.2983030526829925,0.9636700061031808,0.19382006353947318,0.12935981440183,-0.22938382804566482,0.9450306242755288,-0.4982663135836616,1.1326838257990133,0.5001473690501272,0.617517860835991,0.07899220533248474,0.5001342998502057,-0.15591379109384904,0.5000159535133666,0.04560673500397144,0.46424380969086754
704,0.07403044118861375,0.29833949404865895,0.9635829000755082,0.19364234384108503,0.1294610537219842,-0.22924113317410436,0.9450878166085822,-0.4982249854192571,1.1326434912154213,0.5001473875404633,0.6179584506241798,0.07883451197202651,0.5001343132427478,-0.15590991130681164,0.5000159583180932,0.045594011744176016,0.46427459938114235
712,0.07393642680909408,0.29837588260863657,0.9634957851865733,0.19346456351696603,0.1295623422281382,-0.22909838659263315,0.9451449578769391,-0.4981836669412016,1.1326031415148916,0.5001474210442487,0.6183991554209413,0.07867677404979143,0.5001343134327476,-0.15590602803797718,0.5000159609610726,0.04558129170131868,0.4643053965172181
720,0.07384236100312767,0.298412218754556,0.9634086604080694,0.19328672146862944,0.12966367779374185,-0.22895558782900383,0.9452020486471581,-0.4981423635386867,1.1325627743324655,0.5001474584603258,0.6188399749786302,0.07851898665793587,0.5001343084872044,-0.15590214102363323,0.5000159632074193,0.04556857468017029,0.4643362023024416
728,0.07374824343781265,0.29844850264952366,0.963321525264333,0.19310881706665559,0.12976505972055993,-0.22881273663359608,0.945259089139629,-0.4981010770344315,1.1325223888266351,0.500147496880498,0.6192809092246007,0.07836114814524225,0.5001343015236686,-0.15589825015389794,0.5000159653656918,0.045555860657777,0.4643670171813023
736,0.07365407395263306,0.2984847343444999,0.9632343795460537,0.19293084996688248,0.12986648779984605,-0.22866983286003695,0.9453160794238885,-0.4980598080631753,1.13248198468495,0.5001475355858195,0.6197219581827603,0.0782032579489202,0.5001342937654015,-0.1558943553758479,0.500015967494979,0.045543149644451164,0.4643978413240882
744,0.07355985245711522,0.2985209138391758,0.9631472231645579,0.19275281996870344,0.1299679619959853,-0.22852687640790278,0.9453730195049834,-0.49801855685398455,1.1324415617870325,0.5001475744176272,0.6201631219244906,0.0780453158815957,0.5001342856977438,-0.15589045666250448,0.50001596960998,0.04553044165314559,0.46442867479644656
752,0.07346532474904856,0.2985572142045858,0.9630596530106074,0.1925738527289857,0.13007017337625512,-0.22838341307833343,0.945430102056031,-0.49797640555450956,1.1323989214828563,0.5001488843633987,0.6206068341087249,0.07788746218303993,0.5001336785459881,-0.15589160923990225,0.500015161342162,0.04551345098121045,0.46445578215708916
760,0.07337053782622972,0.29859356424144723,0.9629718257018567,0.19239436627795187,0.1301725899180897,-0.22823960360056722,0.9454872754335608,-0.4979342885073985,1.1323552594504644,0.5001495467825813,0.6210517955089457,0.07772909422452029,0.5001333969528318,-0.1558944222794312,0.500014915588209,0.045494948303494175,0.46448178730575795
768,0.07327568234253297,0.29862986562080984,0.9628839758115025,0.19221481495468587,0.1302749929841103,-0.22809573296166574,0.9455444081160898,-0.49789232144247536,1.1323114984025027,0.5001497572999496,0.6214968733589998,0.07757052634401239,0.5001332948339982,-0.15589723938790223,0.5000148749065229,0.04547641553126146,0.46450783378089006
776,0.07318108297627601,0.29866590827394845,0.9627965962687238,0.192036242140198,0.13037662473656728,-0.22795235672623712,0.9456012587184547,-0.49785149110374965,1.1322703225723894,0.5001484479673235,0.6219391922080566,0.0774117655186241,0.5001338839718479,-0.155894085605199,0.5000157345371671,0.04546295289797049,0.46453825786618597
784,0.07308657967701604,0.29870183246787363,0.9627093676056075,0.19185788700819492,0.13047825735073312,-0.227809124980658,0.9456579604312616,-0.49781051664569326,1.1322297199369051,0.5001479663518362,0.6223809329596729,0.07725338721939752,0.5001341060285084,-0.15589015054580482,0.5000159364266208,0.045450248245913275,0.46456918198477276
792,0.07299203580524895,0.2987377012352082,0.9626221365862766,0.1916794669193967,0.130579986232185,-0.22766584486175878,0.9457146040114216,-0.49776943484018354,1.1321891557620567,0.5001478623763933,0.6228227900035713,0.07709507544160983,0.5001341834005038,-0.15588622426476392,0.500015974036775,0.04543755595457723,0.4646000856688941
800,0.07289744403364401,0.29877351561038323,0.9625348997497681,0.1915009862902657,0.13068177792195793,-0.22752251369607135,0.9457711937516561,-0.4977283301216837,1.1321485905084545,0.5001478635628703,0.623264764056731,0.07693674933712183,0.5001342078989204,-0.15588229651589805,0.5000159823681078,0.04542486911695015,0.4646309897538388
