index,obj_pos_x,obj_pos_y,obj_pos_z,obj_qtn_0,obj_qtn_1,obj_qtn_2,obj_qtn_3,obj_joint_0_pos,obj_joint_1_pos,obj_joint_2_pos,obj_joint_3_pos,obj_joint_4_pos,obj_joint_5_pos,obj_joint_6_pos,obj_joint_7_pos,obj_joint_8_pos,obj_joint_9_pos,obj_joint_10_pos,obs_pos_x,obs_pos_y,obs_pos_z,obs_qtn_0,obs_qtn_1,obs_qtn_2,obs_qtn_3,start_energy,start_gravity_energy,start_elastic_energy,escape_energy_cost
0,0.0,0.0,2.4,-0.0,0.7071067811865475,-0.0,0.7071067811865476,0.0,0.0,0.0,0.0,0.0,0.0,0.0,0.0,0.0,0.0,0.0,-0.5,0.5,0,0.0,0.0,0.0,1.0,28.252800000000008,28.252800000000008,0.0,0.0
3,1.7457394491580518e-34,4.379862256058172e-37,2.398978245497458,-3.4574367442389717e-19,0.7071067811865475,-3.4574367442389746e-19,0.7071067811865476,-4.390780006273229e-20,1.541041752706755e-18,-6.6336103804013e-20,5.135813185032629e-35,-4.200876292401906e-19,-9.705674452209902e-19,7.895587045718275e-19,7.794405081447584e-19,-8.97346143218292e-19,-4.474606008112577e-22,-4.749913639001375e-19,-0.5,0.5,0,0.0,0.0,0.0,1.0,28.240771905996077,28.240771905996077,2.880695194787372e-35,0.0
6,6.675058320330856e-34,9.5394678614063e-37,2.3964245525793673,-4.904290382514361e-19,0.7071067811865475,-4.904290382514364e-19,0.7071067811865476,4.119892766953189e-19,6.267507476056061e-19,1.2924450258201463e-18,-2.5679065925163144e-35,4.106233711895779e-19,-2.2862275703641474e-18,5.34651218270648e-19,3.8357254931343783e-19,-8.666506499828707e-19,5.309883226354389e-23,-6.045123036408293e-19,-0.5,0.5,0,0.0,0.0,0.0,1.0,28.21070983296431,28.21070983296431,4.5889560839685304e-35,0.0
9,1.702499754824484e-33,8.787579819277792e-37,2.39233996863218,-6.530093016817655e-19,0.7071067811865475,-6.530093016817658e-19,0.7071067811865476,1.0930992954098067e-18,-5.700261103245383e-19,2.954408081459757e-18,-1.2839532962581574e-34,1.6820067788634899e-18,-3.199466728171074e-18,-1.814925347725602e-18,1.4658206835581623e-18,-1.4582287967115695e-18,1.5855539577980734e-21,-1.0699153313098328e-18,-0.5,0.5,0,0.0,0.0,0.0,1.0,28.16262611073803,28.16262611073803,1.6013896972282087e-34,0.0
12,3.367425527573182e-33,1.2830940173800888e-36,2.3867257277408713,-9.387079790203317e-19,0.7071067811865475,-9.387079790203317e-19,0.7071067811865476,7.822817475664251e-19,1.1257693506784703e-18,3.3862487947914766e-18,-1.7975346147614202e-34,1.883506964852545e-18,-3.7559951655124496e-18,-1.942091350385228e-18,-1.1799371198822442e-18,-4.74289870044394e-19,1.9366089143838356e-21,-5.833651626052975e-19,-0.5,0.5,0,0.0,0.0,0.0,1.0,28.09653526696553,28.09653526696553,1.8365170199034859e-34,0.0
15,5.676726225207617e-33,2.1380244006311394e-36,2.3795832500967324,-4.81551358902467e-19,0.7071067811865475,-4.815513589024666e-19,0.7071067811865476,1.3943442546225837e-18,-1.009971770653311e-18,4.707559395110304e-18,-2.311115933264683e-34,2.6429673799745238e-18,-5.1715988199199396e-18,-3.1409103851899437e-18,-1.6946167706691947e-18,-4.2658341766484635e-19,3.096698984727207e-21,-2.4650938678166097e-19,-0.5,0.5,0,0.0,0.0,0.0,1.0,28.012454020138737,28.012454020138737,3.591792959449181e-34,0.0
18,8.793647684664009e-33,5.240617634527454e-36,2.3709141413149624,-1.6678234368718527e-19,0.7071067811865475,-1.6678234368718445e-19,0.7071067811865476,1.7356748162550634e-18,-9.109015494402521e-19,4.6560570085025636e-18,-2.0543252740130515e-34,2.353091912170069e-18,-5.837732825244384e-18,-4.049325505809359e-18,-2.5414502452871504e-18,-3.892742628173578e-19,3.892493059400326e-21,5.45971352092112e-20,-0.5,0.5,0,0.0,0.0,0.0,1.0,27.91040127155973,27.91040127155973,4.407393925233606e-34,0.0
21,1.2223893664737415e-32,1.569674639775217e-35,2.3607201916627507,3.7436178168422304e-19,0.7071067811865475,3.743617816842244e-19,0.7071067811865476,2.6665342317190594e-18,-2.4394444972569478e-18,5.3314683473446956e-18,-2.0543252740130515e-34,2.327832999373504e-18,-7.730053079102106e-18,-4.082229564022642e-18,-4.7624264845979264e-18,5.201983450272619e-19,4.367408028645459e-21,8.95254125708731e-19,-0.5,0.5,0,0.0,0.0,0.0,1.0,27.790398096253895,27.790398096253895,7.353789282908703e-34,0.32389757685374576
24,1.6009213705211137e-32,3.529358256419509e-35,2.349003375198647,7.44537568440877e-19,0.7071067811865475,7.4453756844087895e-19,0.7071067811865476,3.4148782129407303e-18,-2.6719707232015686e-18,5.750815785798523e-18,-1.5407439555097888e-34,2.103100858466512e-18,-9.491417505484922e-18,-6.098946173919023e-18,-5.022283540913137e-18,9.268031861021587e-19,6.066523102771304e-21,1.2211194659976226e-18,-0.5,0.5,0,0.0,0.0,0.0,1.0,27.652467732838467,27.652467732838467,1.0557667626887988e-33,0.0
27,2.0259430649281433e-32,6.699632563747642e-35,2.3357658488240904,1.738766674124895e-18,0.7071067811865475,1.7387666741248976e-18,0.7071067811865476,3.730358598331379e-18,-3.0855596696314595e-18,4.849526238071086e-18,-1.0691058840368783e-50,1.2946872821638992e-18,-9.356639577748006e-18,-8.659375000008303e-18,-6.873393576178739e-18,1.9035190163079334e-18,7.923284526967516e-21,2.035159691245443e-18,-0.5,0.5,0,0.0,0.0,0.0,1.0,27.49663557235719,27.49663557235719,1.3308535743189805e-33,0.8405446841097728
30,2.487326795658327e-32,1.074673419225126e-34,2.3210099512480715,3.2765306997598647e-18,0.7071067811865475,3.276530699759868e-18,0.7071067811865476,4.741424187289043e-18,-6.194074851248948e-18,5.2481187439436655e-18,-1.0691058840368783e-50,8.939403080346838e-19,-1.1566964502257914e-17,-8.834704146236425e-18,-1.0282556124029623e-17,3.257004220895763e-18,8.75242797128122e-21,2.8662045691682197e-18,-0.5,0.5,0,0.0,0.0,0.0,1.0,27.322929146092296,27.322929146092296,2.1279522676781804e-33,0.07291076614817271
33,3.0210130833663286e-32,1.4704593794912179e-34,2.3047382018659794,4.9300992147464714e-18,0.7071067811865475,4.930099214746476e-18,0.7071067811865476,5.9852534365172734e-18,-9.779108730030919e-18,5.7048682857342936e-18,1.0271626370065256e-34,4.975975784252244e-19,-1.3928715122000706e-17,-9.980694909293601e-18,-1.3142194449081899e-17,5.264254343073084e-18,1.0368650124599943e-20,3.8399650269406065e-18,-0.5,0.5,0,0.0,0.0,0.0,1.0,27.131378112366313,27.131378112366313,3.365229076130329e-33,0.08446913090504893
36,3.583265508272946e-32,1.976209353320525e-34,2.286953299553773,6.8259269903154705e-18,0.7071067811865475,6.8259269903154735e-18,0.7071067811865476,7.071734476619006e-18,-1.3768551141421356e-17,6.133727906371717e-18,3.0814879110195767e-34,-8.506878343996368e-20,-1.6716481454047097e-17,-1.2786027444769257e-17,-1.217612113343483e-17,5.490622247585862e-18,1.2442480423474928e-20,4.2955487733019524e-18,-0.5,0.5,0,0.0,0.0,0.0,1.0,26.922014242347018,26.922014242347018,4.5849614319592376e-33,0.46682926816853154
39,4.169115326196465e-32,2.72097745911636e-34,2.267658121378697,8.599664036084932e-18,0.7071067811865475,8.599664036084935e-18,0.7071067811865476,7.903368803756104e-18,-1.640261468722271e-17,5.735180991995853e-18,4.108650548026102e-34,-1.093001375405707e-18,-1.847935103812742e-17,-1.575601118230954e-17,-1.1622482785900556e-17,5.579465079482061e-18,1.4634125406296745e-20,4.8733574887395265e-18,-0.5,0.5,0,0.0,0.0,0.0,1.0,26.69487140487002,26.69487140487002,5.726483136315337e-33,0.6164326673178842
42,4.790089161215378e-32,3.962148433638033e-34,2.2468557212278504,1.0381201448364673e-17,0.7071067811865475,1.0381201448364675e-17,0.7071067811865476,9.276077330311106e-18,-1.9104466932552652e-17,4.571313449555806e-18,9.24446373305873e-34,-2.6410110735889593e-18,-1.976572191495126e-17,-1.734613895807559e-17,-1.219228834329125e-17,5.181815881773926e-18,1.5698575295607968e-20,4.788401752309805e-18,-0.5,0.5,0,0.0,0.0,0.0,1.0,26.44998555029427,26.44998555029427,6.844512808986105e-33,1.349986403056871
45,5.414200544539709e-32,5.537087720747304e-34,2.2245493283559834,1.234812659108813e-17,0.7071067811865475,1.2348126591088134e-17,0.7071067811865476,1.0051171752499597e-17,-2.142392002479901e-17,2.9402164888811323e-18,1.283953296258157e-33,-4.7241915944674525e-18,-2.1239510219996768e-17,-1.809183121970604e-17,-1.2592374853360262e-17,4.773317872245398e-18,1.64986299305511e-20,4.4030737735083025e-18,-0.5,0.5,0,0.0,0.0,0.0,1.0,26.18739469340665,26.18739469340665,7.850721060672079e-33,1.8693633435068087
48,6.085185593595809e-32,7.339420193482245e-34,2.2007423458539797,1.4091065705083714e-17,0.7071067811865475,1.4091065705083717e-17,0.7071067811865476,1.1334464307049723e-17,-2.3674376509901382e-17,1.4629289863734448e-18,1.3609904940336465e-33,-6.623312454244026e-18,-2.2639868964709954e-17,-1.9592943972095947e-17,-1.3315850269562344e-17,5.1777593094510744e-18,1.7799828844607814e-20,4.758846135750189e-18,-0.5,0.5,0,0.0,0.0,0.0,1.0,25.90713889539306,25.90713889539306,9.290848634123299e-33,0.0
51,6.804649089630292e-32,9.900035606426525e-34,2.175438349039564,1.608702867496464e-17,0.7071067811865475,1.6087028674964643e-17,0.7071067811865476,1.2363785164772847e-17,-2.692345334537446e-17,7.281113984166474e-19,1.2582742303329939e-33,-7.993623774213442e-18,-2.4538726333475676e-17,-2.175044725613842e-17,-1.37331381378728e-17,5.974640090424448e-18,1.9921413846931394e-20,5.069010373315296e-18,-0.5,0.5,0,0.0,0.0,0.0,1.0,25.609260244893747,25.609260244893747,1.1336927035780851e-32,1.3337028580674222
54,7.557571547528337e-32,1.275286513975103e-33,2.1486410837718237,1.8188554609393635e-17,0.7071067811865475,1.8188554609393638e-17,0.7071067811865476,1.3125298036526836e-17,-2.9856501681922517e-17,-6.741026795967404e-19,1.4123486258839729e-33,-9.711683832263004e-18,-2.5609986498938997e-17,-2.379907035602413e-17,-1.5069173665580674e-17,6.8510518342662534e-18,2.158055793047724e-20,5.8682917840286156e-18,-0.5,0.5,0,0.0,0.0,0.0,1.0,25.293802838161906,25.293802838161906,1.3445883685899057e-32,1.2785428586939247
57,8.331491308093511e-32,1.5794354026483822e-33,2.1203544646912262,2.0464063749236915e-17,0.7071067811865475,2.0464063749236918e-17,0.7071067811865476,1.4765277949857084e-17,-3.5348832131013915e-17,-9.431378044056336e-19,1.232595164407831e-33,-1.1014977219964165e-17,-2.8591729437404324e-17,-2.5062934481096266e-17,-1.4468229818662395e-17,6.145334087413515e-18,2.270478313227717e-20,5.442556043042407e-18,-0.5,0.5,0,0.0,0.0,0.0,1.0,24.960812758345128,24.960812758345128,1.6560635059917077e-32,2.51604679060868
60,-0.0019373307939290912,-0.0006075564380438,2.0886642934934576,-0.0002636720531642318,0.7045366088333668,-0.0008076631140462407,0.7096671367415305,0.004222917343270377,-1.6928820299317003e-05,0.0023270625752048217,0.0042580192673300045,0.000852361888384876,0.0049434030921292615,-0.0045919497412993246,-0.003685452444056742,0.0003545823889187595,-0.02635903321018113,0.004049469513395257,-0.5,0.5,0,0.0,0.0,0.0,1.0,24.652321143439366,24.648258472706203,0.004062670733164352,2.7314159425432436
63,-0.008489066096499798,-0.000597152176787893,2.040976813532354,0.01141623092237374,0.7025583340051322,0.008367986173398588,0.7114853714580939,0.006666074695972906,-6.469217403491844e-06,0.0035602729913717956,0.005579891946558279,-0.0007468910669312718,0.007882187888138964,-0.016866261415582576,-0.003992707524711239,-0.014312789684858048,-0.03211569651395786,0.0014577525220416834,-0.5,0.5,0,0.0,0.0,0.0,1.0,24.416650080806725,24.40820135328246,0.00844872752426503,2.9477755598818334
66,-0.014584638058046863,0.00037789518105295523,1.992871826343912,0.024665772255175838,0.6983165228509042,0.019183730485742737,0.7151067179639196,0.005679973621022083,8.50455105251646e-06,0.0029572778206253206,0.004277651567356597,-0.0023394559238700202,0.008401351158809857,-0.02332118837455318,-0.0043419943421698325,-0.021178416741612135,-0.036090183769011186,0.001661174445314683,-0.5,0.5,0,0.0,0.0,0.0,1.0,24.173978239840377,24.16171884651145,0.012259393328926619,2.569792020291615
69,-0.020305735758833363,0.002204530462943952,1.9448987017030912,0.03719445948772651,0.6940970020593171,0.02928153796552494,0.7183234058904511,0.005276672961716558,1.8253290520283624e-05,0.0026928791759950454,0.0036264147997700984,-0.003408363653151,0.009121535883873527,-0.02837258502936458,-0.004378099595305467,-0.027224898624523892,-0.03880015654413624,0.0017361747082542517,-0.5,0.5,0,0.0,0.0,0.0,1.0,23.92811552499878,23.912031033269507,0.016084491729272687,3.7146407049288612
72,-0.025695290353936136,0.005022472583551373,1.896494370309129,0.049472828066319016,0.6893718495487169,0.0390751450492769,0.7216592169246366,0.005026773227857868,2.5362296814219052e-05,0.0025240357711033687,0.0031929394523862262,-0.004190571278628583,0.00972528047158831,-0.03224903286950067,-0.004438600594355982,-0.03194130504942628,-0.04064476094936382,0.001647283149517514,-0.5,0.5,0,0.0,0.0,0.0,1.0,23.67492334876742,23.655480173377104,0.019443175390318083,3.6267192984581698
75,-0.030829585906849283,0.009111119710269417,1.8473203499754387,0.06167308262842145,0.6841644196021435,0.048660627440073344,0.7250845613903998,0.004953536351579667,3.0208105576343057e-05,0.002461054738715494,0.00298861755304442,-0.004751302146922719,0.010390826915546868,-0.03543788227548379,-0.0044447571747918005,-0.03604899248258999,-0.04209799020933645,0.001486493905470772,-0.5,0.5,0,0.0,0.0,0.0,1.0,23.41383776674735,23.391239512319242,0.022598254428108595,4.3448874972594
78,-0.03581749119555396,0.014594565622112064,1.797127139487101,0.07401892168124244,0.678728176059642,0.058197043274772785,0.7283284742545577,0.004920568320036813,3.404389387410868e-05,0.0024244247504484756,0.0028458225908191536,-0.0052014219527725366,0.010951286528433071,-0.03802915559572666,-0.00439066899196976,-0.03940776450115483,-0.043428749417773464,0.0014223481546185924,-0.5,0.5,0,0.0,0.0,0.0,1.0,23.14366716596681,23.118208560652356,0.025458605314453528,4.1150871820478265
81,-0.04076342155453536,0.021538898030272917,1.7458303155668566,0.08654686158975493,0.6731039840759018,0.06765966985706322,0.7313431728299276,0.004997341017918524,3.678590226364516e-05,0.002450830258252637,0.002827006340842323,-0.0055567711377720735,0.0114990405880551,-0.04026088897572319,-0.004240627988988668,-0.04225827942554322,-0.045263658360203185,0.0017087763747577383,-0.5,0.5,0,0.0,0.0,0.0,1.0,22.864479048627704,22.836086639048236,0.028392409579465677,3.587138171657621
84,-0.04574064607414587,0.029981775981898228,1.6933758709758697,0.09936533185086927,0.6678209746275181,0.07721849887339118,0.7336068293748761,0.0049644219882624225,3.966991705158851e-05,0.002418406215242641,0.0026995582180860023,-0.0058809012937994,0.01176444623379209,-0.041948525806912065,-0.004180525966885033,-0.04426401175535647,-0.04640822306202035,0.0018389045441933793,-0.5,0.5,0,0.0,0.0,0.0,1.0,22.57400619424801,22.543484526013522,0.03052166823449008,4.73438326913897
87,-0.05092594675892432,0.03975294476905381,1.640133895280132,0.11208906890193374,0.6639404277843377,0.08663691731048061,0.7342432795369566,0.004911152514411524,4.134748581442822e-05,0.002381489290644138,0.002599728664467063,-0.006059165089457347,0.011857036343106359,-0.042800267937739715,-0.004173918537712565,-0.0452228791016653,-0.04693662649043052,0.0018805183960196076,-0.5,0.5,0,0.0,0.0,0.0,1.0,22.269649831846937,22.238075678932372,0.03157415291456651,5.87059429228125
90,-0.05622550055288531,0.050974395162334304,1.5858792362669896,0.12473781899229551,0.6607304719982732,0.09589589729361284,0.7339480204811765,0.005155780339525506,4.129316963419181e-05,0.0025114373457470235,0.002807388680071852,-0.006108732280513218,0.012196864648117797,-0.04361534549638651,-0.004180636555192889,-0.046228719358688136,-0.04794966328416044,0.0019981325659288963,-0.5,0.5,0,0.0,0.0,0.0,1.0,21.95425877075603,21.921324340939865,0.03293442981616455,5.817087185706704
93,-0.06100544364126223,0.06437019925008586,1.5296400666558845,0.1384110069496878,0.654572728278332,0.1054809171840555,0.7356974328210238,0.005673615855335518,4.203970392533135e-05,0.0027816447553018456,0.003206302070351194,-0.006320478236617325,0.013001536635289352,-0.04578113653930476,-0.004253359553270562,-0.04886188942260783,-0.05035224964613297,0.0022498972452678783,-0.5,0.5,0,0.0,0.0,0.0,1.0,21.637529806063572,21.601024321788334,0.036505484275238816,5.690439536309292
96,-0.06560509557588878,0.07964894505105696,1.4722499494064094,0.15270379446477772,0.6479732473268836,0.1154760595904942,0.737209265789684,0.005756156227904402,4.4152308674054036e-05,0.0028140314389416524,0.0032141772920997323,-0.006602555721978834,0.013412855613106626,-0.04744930351696235,-0.004318840233038879,-0.05078830732130933,-0.05189955384052202,0.002412848743394464,-0.5,0.5,0,0.0,0.0,0.0,1.0,21.31120998686621,21.272090937346302,0.039119049519907634,7.005935565487878
99,-0.07008078506344853,0.09673355548993708,1.4140994683846724,0.16721096025181764,0.6410770669598117,0.12542280097680264,0.7384644947355314,0.005851751343043727,4.567196061763836e-05,0.002856528384891781,0.003253201014400191,-0.006815869311168799,0.013771300551809522,-0.04879074460856059,-0.004368383594401805,-0.052352749331728,-0.053202593776419976,0.002551565775199887,-0.5,0.5,0,0.0,0.0,0.0,1.0,20.975949672904,20.93461692633381,0.04133274657019046,6.8893176973456605
102,-0.0744381110784896,0.11566315633895247,1.3552284700867956,0.1819307573018761,0.6339243181414908,0.13531497059415815,0.7394126163039917,0.005971495515752892,4.6688681649394635e-05,0.0029145313882760686,0.003328022446095301,-0.006972857198016625,0.01409740294428518,-0.04988801073126783,-0.004405135884676747,-0.05365390044048884,-0.05431774251414996,0.002666832459917465,-0.5,0.5,0,0.0,0.0,0.0,1.0,20.631650317431408,20.588414928986477,0.04323538844493148,6.917322335724457
105,-0.07867798115219797,0.13646687578323755,1.295691418299747,0.19686381486039384,0.6265485314739373,0.1451594036399321,0.7400069754004786,0.006102837135829156,4.733152449580416e-05,0.0029807028525149467,0.0034238988352865937,-0.007086122758495081,0.014389496480814718,-0.050781519942560055,-0.004430701161056646,-0.054734096975193436,-0.055255851745395636,0.002758087827264609,-0.5,0.5,0,0.0,0.0,0.0,1.0,20.278179756808697,20.233328973150968,0.04485078365772958,7.280364875514898
108,-0.08280015328899205,0.15915291516608476,1.2355677569759342,0.21199297606503975,0.6189789164817413,0.15494973157931685,0.7402125773949499,0.006237037761986335,4.76717380969481e-05,0.003050031629631649,0.0035312934054651354,-0.007162358420340225,0.014644960924531858,-0.051489304469923336,-0.004446151166713217,-0.05560967209091754,-0.05602299117512201,0.0028262754293416834,-0.5,0.5,0,0.0,0.0,0.0,1.0,19.91537159558898,19.869189767412067,0.0461818281769109,7.875812660859324
111,-0.08680449504956528,0.18371103176692366,1.174949111928157,0.22728918257539213,0.6112465121978702,0.16467307970684886,0.7400000713716255,0.006368760578305007,4.774907210448752e-05,0.0031194726020158225,0.003644452329483546,-0.007205296951556048,0.014861812173053742,-0.05201995389372034,-0.004452992144037229,-0.056285532420764124,-0.056626352144388416,0.0028734054500462406,-0.5,0.5,0,0.0,0.0,0.0,1.0,19.543029619865184,19.49580395778173,0.04722566208345335,7.297717922024969
114,-0.09070928017642313,0.21010060728504615,1.1139340824012698,0.24269948479650139,0.6034919324549599,0.1743473172949834,0.7392546655201666,0.006467824761000383,4.7684827879825945e-05,0.003172365490131464,0.00373294630351804,-0.007222037489282612,0.015007209003404028,-0.052338119599369154,-0.004453950986116422,-0.056701782212593796,-0.05700639999899134,0.0028984026860495314,-0.5,0.5,0,0.0,0.0,0.0,1.0,19.160579174054618,19.112701439569104,0.047877734485513565,8.543728431384856
117,-0.09447595834407967,0.23830197735664965,1.0526168506964941,0.258213142759818,0.5954860863832584,0.18385115322703408,0.738187677550322,0.006620603512670743,4.717502317500411e-05,0.0032561168271619976,0.0038819628408761804,-0.0071983016474884,0.015180735877743365,-0.0525713871972916,-0.0044505533545348,-0.05704159107574397,-0.0573961757126483,0.0029184747943673244,-0.5,0.5,0,0.0,0.0,0.0,1.0,18.768684729725745,18.72022514668541,0.048459583040334875,8.939274118558899
120,-0.10397551657181318,0.24399569046245798,1.0251019209807402,0.22835723630638588,0.6068733924563391,0.13931526887770754,0.7484309681009838,0.09186248409301642,-0.0012118173108091501,0.03772371535547091,0.02308682910238047,-0.0016633323433936113,0.02079448507485641,-0.050019231886760905,-0.004395199276998233,-0.056094269721372804,-0.06220469837029207,0.003493901303816664,-0.5,0.5,0,0.0,0.0,0.0,1.0,18.504850773009657,18.402946360891505,0.10190441211815311,8.55319314367457
123,-0.11279161228153521,0.23969454119393088,1.0176066350600255,0.1898195569410559,0.6183284505749397,0.08629446385910125,0.7577543985484781,0.1791772400099788,-0.002751924596618611,0.07287257978174044,0.04496964702776862,0.0067266236252255685,0.027226736043355713,-0.038705478646025915,-0.00448645186534885,-0.04567422477790757,-0.06617357714037665,0.004386859465252667,-0.5,0.5,0,0.0,0.0,0.0,1.0,18.40764997911009,18.166480753762393,0.24116922534769697,8.799895034525754
126,-0.11873452576553424,0.23690233436064345,1.011413241378285,0.1588445372241855,0.6251348677228876,0.04387068442930395,0.7629221278733673,0.24679566114573795,-0.004007252162712992,0.1000000365477585,0.06229883441047945,0.014011062500755109,0.03202816817408214,-0.026625231187801496,-0.004659754305729064,-0.03381918137253325,-0.06838485143062999,0.005129133134855391,-0.5,0.5,0,0.0,0.0,0.0,1.0,18.371445545185214,17.958422689563672,0.4130228556215428,9.803702437179663
129,-0.12254980891345246,0.23491115492531542,1.0058056704095877,0.13215509016346638,0.6295627597195488,0.007928903894276588,0.7655866353334722,0.3036077178864626,-0.00498072752734573,0.12287813199815577,0.0769816722121008,0.020284245637926822,0.036021847977349086,-0.01585432740862277,-0.004842622300887693,-0.023166411945592394,-0.07008519371371998,0.005730658623586365,-0.5,0.5,0,0.0,0.0,0.0,1.0,18.372368215029226,17.76890341754638,0.6034647974828478,9.062078678396613
132,-0.12432335867431268,0.23323014512136903,1.000023267196491,0.10859342838687915,0.6340087459624109,-0.0208648734129474,0.7653790135689745,0.35009532285085504,-0.005779744468468873,0.14212903167762134,0.08929940863491738,0.025551833367011823,0.03910582284683955,-0.006504023373666701,-0.00484308237784491,-0.014739611578817523,-0.06722628375775722,0.005151372883709937,-0.5,0.5,0,0.0,0.0,0.0,1.0,18.376502751666802,17.587571392105815,0.7889313595609858,9.25070177729205
135,-0.1244863391120703,0.23159328433268314,0.9938592003921372,0.0866094015226334,0.639318047144453,-0.04386104231073775,0.7627892599733624,0.38941707587545304,-0.0065503204028629506,0.15862297122676455,0.09981277018630741,0.03012416946505912,0.04171697299897786,0.0018483811874815625,-0.004843007921867664,-0.0071806893666824904,-0.06453538402244773,0.004613424014162973,-0.5,0.5,0,0.0,0.0,0.0,1.0,18.37702565893228,17.408402127899365,0.9686235310329134,8.499167640012281
138,-0.12464923345251458,0.23003068170576702,0.9880810211378417,0.0657880052804258,0.6427938052262221,-0.06630915882747453,0.7603230614545431,0.4267557588860567,-0.0070063264054454925,0.17468817608335288,0.11026337053360202,0.03447456066813597,0.04470679993103827,0.0087585762820108,-0.004852827854638919,-0.0010279288024196153,-0.06453563937911758,0.004438056992215916,-0.5,0.5,0,0.0,0.0,0.0,1.0,18.39802717617601,17.2364442075538,1.1615829686222134,8.466001483594297
141,-0.12637243608967502,0.22496304122629254,0.9901246598052206,0.0501639177585791,0.6429833012035316,-0.08533986375561531,0.7594558337274736,0.43487258783731575,-0.0014373302808099956,0.19012710331580412,0.12768565658279202,0.040215749898513786,0.049359613247161815,0.017168013019252266,-0.004884042179984558,0.006317379408541296,-0.06621208187130267,0.004325537830231827,-0.5,0.5,0,0.0,0.0,0.0,1.0,18.356188263797684,17.104272725159703,1.251915538637979,9.15187049825359
144,-0.12791702413839628,0.21842932173463497,0.9946852032624154,0.038999096129095974,0.6427368431311592,-0.09821348214798122,0.7587638189234337,0.42989443947234784,0.004629015777882967,0.2003755192590484,0.14294526888336254,0.045716613379126546,0.053214221244082385,0.02753772861729324,-0.004927171337443434,0.01586844138587365,-0.06561942876447983,0.003822727867898182,-0.5,0.5,0,0.0,0.0,0.0,1.0,18.278128326585932,16.999673070591978,1.2784552559939528,8.720571368406397
147,-0.12910103515635965,0.21205153475435268,0.998566903633308,0.029333562715539767,0.6423181437658231,-0.10896088187668948,0.7580860574554151,0.4259216676423253,0.009555144751359611,0.2085750580617234,0.1552381737148031,0.05032508102316087,0.05625252393538724,0.036710993876674175,-0.004964353707262417,0.024326972454820767,-0.06437224216603138,0.0032735056732539555,-0.5,0.5,0,0.0,0.0,0.0,1.0,18.20926568284873,16.904672591448115,1.3045930914006156,9.989121357243203
150,-0.13019888227536303,0.20560858767866333,1.0020290175416118,0.020643771050910874,0.6417045330542883,-0.11846248468575543,0.7574666769544735,0.42247817360696605,0.01386292111756544,0.21563938193335266,0.16583115627723313,0.05430554203190677,0.058866018994904616,0.044641626726750164,-0.004996824060423936,0.0315686501615896,-0.06317797132446366,0.0027994820500715782,-0.5,0.5,0,0.0,0.0,0.0,1.0,18.14598188819696,16.815440292208613,1.3305415959883464,9.743555552201965
153,-0.1314009708975592,0.1989629684408357,1.0052441801615306,0.012673018953325198,0.6408420540857488,-0.1272420667317308,0.7569480251375286,0.4193887626690295,0.017751604953108645,0.22193246065490158,0.175260539493883,0.05784145565157106,0.06119342300370277,0.05164578923653322,-0.005026697998751991,0.03790668929031819,-0.06214219477584074,0.002425961850028999,-0.5,0.5,0,0.0,0.0,0.0,1.0,18.08587925247178,16.72958121981006,1.3562980326617202,9.870435228398648
156,-0.13283738840334341,0.19204216213783654,1.008331427428261,0.005253421345090599,0.6396919010628501,-0.1356483254520603,0.7565488781835709,0.41655216083618607,0.02134002081890685,0.2276710349900086,0.1838535620396966,0.06106235711991578,0.06331296759940588,0.05799822321512299,-0.005055747068586509,0.0436236232847482,-0.061285927624991146,0.0021601790464644195,-0.5,0.5,0,0.0,0.0,0.0,1.0,18.027411509755048,16.645424103561908,1.381987406193139,9.392835053233867
159,-0.13459803578928023,0.18481399792518288,1.0113742062198454,-0.0017363340619292813,0.6382293966925298,-0.1439227486524283,0.7562714226796122,0.413899532815414,0.02471191256931403,0.23300544683050117,0.1918378663167074,0.06406128980147936,0.06527833284795985,0.06390269873515907,-0.005085233741107119,0.048931641030137744,-0.06061122592190041,0.0019986875872195615,-0.5,0.5,0,0.0,0.0,0.0,1.0,17.96957497872358,16.561758217997152,1.4078167607264267,9.802660140795759
162,-0.13674528651505832,0.17727064125596906,1.0144311031824593,-0.00838744158374698,0.6364398749642977,-0.15223445954694573,0.7561075358079417,0.4113822515822485,0.02792872498528917,0.2380446300694369,0.19937798665840842,0.06690605337879084,0.06712866570563106,0.06950798546761118,-0.005115837141415021,0.05398466779050347,-0.06010310700902506,0.0019277152561312742,-0.5,0.5,0,0.0,0.0,0.0,1.0,17.911703074866907,16.477688817110383,1.434014257756525,10.291191769950775
165,-0.13932914773997243,0.16941860371038708,1.0175384317773188,-0.014766848963439171,0.6343237027320313,-0.16070067502567045,0.7560361587717286,0.40896463211463485,0.03103547830031065,0.24286743169692668,0.20659276818518846,0.06964427638837162,0.0688938799817306,0.07491515530469095,-0.005147425682569559,0.05888120250805941,-0.05971153730057804,0.001918590624690945,-0.5,0.5,0,0.0,0.0,0.0,1.0,17.853277680477763,16.392517452562128,1.4607602279156353,9.154944436154636
168,-0.1426559456527096,0.16076802972355853,1.0230906213601247,-0.022419588925580783,0.63185341812115,-0.1710760921552421,0.755639855178324,0.4115609458880984,0.030111351389421375,0.247406581243937,0.2151829980514742,0.07279934811788642,0.07109347351788908,0.08124044370488395,-0.005179958400738592,0.06461347655491438,-0.05935283607299891,0.0020526763788953272,-0.5,0.5,0,0.0,0.0,0.0,1.0,17.82901214454905,16.31658420722704,1.5124279373220102,9.293201159102537
171,-0.1461111661616595,0.15142777367031918,1.0296863533778602,-0.029847546924650085,0.6290427013402066,-0.18134650091731325,0.7553329401252427,0.4156765774782983,0.027542616652365296,0.25096487967776193,0.22267957110434217,0.07582693736497813,0.07300409691920401,0.08817738077565007,-0.005210249343827954,0.0710615177719474,-0.0589631799705942,0.0022594492831598733,-0.5,0.5,0,0.0,0.0,0.0,1.0,17.817259692788646,16.249617713777653,1.5676419790109926,9.388445944598505
174,-0.14963248589334852,0.14180600476480346,1.0359483154907012,-0.03654294707724962,0.6259105726854635,-0.1910620793201231,0.7552455560050224,0.41924700542826254,0.02534347678651605,0.2540506863566666,0.22914806666818427,0.07847323973446195,0.07465553455653831,0.09426905101143479,-0.005232913298985091,0.07670947104502314,-0.058097994466820346,0.0022692256401424574,-0.5,0.5,0,0.0,0.0,0.0,1.0,17.800785564660682,16.183928885056332,1.6168566796043504,8.754490096518495
177,-0.15210150430984704,0.13167041789407005,1.0416023332571338,-0.0434410644623367,0.6234591987960172,-0.19912573112725115,0.754824777387471,0.422115512013921,0.02365490040291678,0.2564976712610812,0.23429547856955604,0.0806019173875453,0.07596978487533006,0.09918242191822173,-0.0052429082259630964,0.08120185329873601,-0.0563608638169624,0.001917950067924311,-0.5,0.5,0,0.0,0.0,0.0,1.0,17.77042832386056,16.113762468245906,1.6566658556146545,8.816714699517256
180,-0.15223826865450849,0.1213425216141634,1.0461887480111904,-0.05157888328808182,0.6231397454294215,-0.20417693632205966,0.7532252353307394,0.4241551338398601,0.02242227490136977,0.2582991291309805,0.2380785669310399,0.08268114771402338,0.07668610274732254,0.10528507104212752,-0.005240979442436537,0.08699790827079612,-0.05299675805211005,0.0014162300902101277,-0.5,0.5,0,0.0,0.0,0.0,1.0,17.72904591948551,16.038951805369702,1.6900941141158097,9.632379304654389
183,-0.14903325928527708,0.10981692666854527,1.0528852878927095,-0.06230472725255826,0.625500752428313,-0.20581517799039456,0.7500046947735598,0.42460928077216287,0.022497029696440643,0.2586516201223944,0.23963583273180017,0.08532345856418466,0.07759892987648095,0.1120380223110108,-0.005232647137063072,0.0933838305053892,-0.049622501111845116,0.0010000486609122727,-0.5,0.5,0,0.0,0.0,0.0,1.0,17.688641676661533,15.977688333478783,1.7109533431827495,9.60819244603342
186,-0.14396679052916375,0.09816006382700622,1.058629355770775,-0.07360884999070395,0.628912055578573,-0.20547285136760782,0.7462119477077842,0.42491093967548604,0.02259124097322316,0.2588645906533365,0.2408328669100131,0.08746285558918974,0.07816328161550272,0.1178965426730941,-0.00522934764413248,0.09898865202441197,-0.04642817699512811,0.0006243520938959195,-0.5,0.5,0,0.0,0.0,0.0,1.0,17.64378856922073,15.915228938626532,1.7285596305942015,10.14860494680542
189,-0.13923092895487035,0.08676295293447607,1.064224407232268,-0.08421941178791287,0.6317246029620812,-0.20539474754422277,0.7427274832478894,0.4250401359002581,0.022746048765032348,0.25891607989538157,0.2421367117884194,0.08990559065722929,0.07887993198178284,0.12431788561965351,-0.005240101491288629,0.10512042378477288,-0.042932243479413795,1.0365123565120131e-05,-0.5,0.5,0,0.0,0.0,0.0,1.0,17.605433230351245,15.857807436009303,1.7476257943419435,10.254548220463523
192,-0.13442334977344356,0.0759300805236313,1.071519509644641,-0.09509359565826904,0.6347130401186661,-0.2051786893480849,0.7389169575842093,0.4246417384914374,0.02291240056821002,0.2587122450411055,0.24317206106120667,0.09266186721147243,0.07979374735048275,0.13154514796286487,-0.00525193261695366,0.11199336332663308,-0.03905444537465885,-0.0005967196313797669,-0.5,0.5,0,0.0,0.0,0.0,1.0,17.580773432977114,15.81445666852222,1.7663167644548945,10.051799579270568
195,-0.12991981036693617,0.06693927606925405,1.0793560964397733,-0.10640127375616704,0.6375547748929569,-0.20584394546887513,0.7347318885607614,0.42622086280724464,0.022954316627361863,0.25977503364431576,0.2452628410041043,0.09467572303993295,0.0802586843176175,0.1378020316466638,-0.005238275872993497,0.11801927611892567,-0.03521211211630746,-0.0011020375660729734,-0.5,0.5,0,0.0,0.0,0.0,1.0,17.579444327086016,15.782346831635948,1.7970974954500682,10.022357248257165
198,-0.1256236401056956,0.05843471791997273,1.081783648587353,-0.11496248435132067,0.639957723385746,-0.20499526696243148,0.731583679420001,0.4271849033068185,0.022983765506821078,0.2604267946902179,0.24653214597559428,0.0959006869371391,0.08052861955746866,0.14162612176151523,-0.0052258628258130355,0.12170786418476613,-0.03282563178124475,-0.0013233494169885467,-0.5,0.5,0,0.0,0.0,0.0,1.0,17.544267680849398,15.727894903987677,1.816372776861721,10.283281872374577
201,-0.12165649088994832,0.050253551280142424,1.0803052822027985,-0.12173390967228756,0.6420090319630127,-0.20337715701370915,0.7291385260146632,0.42777322364834364,0.023005480494556488,0.2608307285614809,0.2473257916078512,0.09670139797987196,0.08067668208378123,0.14419302655085317,-0.005215439114785236,0.12419320335228047,-0.031193340115981953,-0.0014104025582953688,-0.5,0.5,0,0.0,0.0,0.0,1.0,17.482060632971432,15.653062724292045,1.8289979086793864,9.601831571148285
204,-0.11620058409176101,0.04120551841612988,1.0838329592905653,-0.13120079123003797,0.6449381937273106,-0.20160654435178268,0.7253936034504982,0.42710243141046195,0.02319702439932657,0.2603927279551255,0.2480172459406099,0.09875730666274941,0.08129854062844502,0.14955038222146483,-0.005202811006684652,0.12931748890697142,-0.028210565030166657,-0.0014412665208283165,-0.5,0.5,0,0.0,0.0,0.0,1.0,17.439021099840474,15.59628466748122,1.8427364323592548,9.515831492891593
207,-0.11016650486540706,0.03214728687975921,1.0873062134956273,-0.1413358906714471,0.6479398077292465,-0.19985792203291972,0.7212870320257945,0.427112772435474,0.023319958411277018,0.26043694320495164,0.24893480640501064,0.10069560407060384,0.08184226604293095,0.15464364433387012,-0.005184224556543811,0.13420753056755744,-0.025262279118904097,-0.001359388110612427,-0.5,0.5,0,0.0,0.0,0.0,1.0,17.398512051272775,15.537531720701189,1.8609803305715875,9.574652034736914
210,-0.10354890484197146,0.02304955140416378,1.090482611526471,-0.15177744748034108,0.6510622299923192,-0.19774087550568142,0.7169240721778195,0.4271023105486194,0.023444138256477016,0.2604713213477095,0.24982221017296768,0.10259968677085912,0.08236759006979348,0.15966002950954067,-0.005164628284393058,0.1390345908939942,-0.022366962524434077,-0.001170092021610642,-0.5,0.5,0,0.0,0.0,0.0,1.0,17.355284311266676,15.475865116988963,1.8794191942777123,9.862702054356312
213,-0.09608534178894464,0.01389195065928656,1.0932830151022104,-0.16279480781758265,0.6544424221240606,-0.19512807264605345,0.7121292031208001,0.42725608720277863,0.02353730377746466,0.26062522149535533,0.250774963206039,0.10438089535562073,0.0830160592178704,0.1641092368959005,-0.005159559263606231,0.1432809414197936,-0.020061605624702564,-0.0013288467520443364,-0.5,0.5,0,0.0,0.0,0.0,1.0,17.308138897614494,15.410166302168676,1.897972595445818,9.986982518103378
216,-0.08735950533988693,0.004565518324672764,1.0952894279573764,-0.17450978312132215,0.6583751228616823,-0.19150310744956547,0.7066930684738418,0.42748263299144074,0.02359524057516723,0.2608226961707046,0.25159393566414034,0.10575974788305186,0.08361960702528405,0.16736138390662145,-0.005161289369395223,0.1463588679103324,-0.01853681271572998,-0.0016081527283960814,-0.5,0.5,0,0.0,0.0,0.0,1.0,17.25020845912507,15.33717307578949,1.9130353833355793,10.044238624320322
219,-0.07756332217581795,-0.004832925154380123,1.0966348232970526,-0.1868765772605018,0.6627552590679522,-0.18706384031481937,0.7005995511673151,0.4276202689093611,0.023646316604009565,0.2609516014603955,0.252235089550935,0.10686985816768868,0.08411116790281625,0.169970276278527,-0.005162889680528344,0.14882824832210306,-0.01731867993011282,-0.0018311983023274593,-0.5,0.5,0,0.0,0.0,0.0,1.0,17.181013688028777,15.256003366850056,1.9250103211787206,10.65747199038028
222,-0.06683734832114101,-0.014186118440998206,1.097404516858082,-0.19992992916179433,0.6674776245002697,-0.18204128213236337,0.693803009374017,0.42771269881757645,0.02369244286176558,0.26104519555223155,0.2527729191185038,0.1078192297697746,0.08453454531529447,0.17219692472922232,-0.00516434827483758,0.150936305825244,-0.016280398921162342,-0.002021123794948249,-0.5,0.5,0,0.0,0.0,0.0,1.0,17.10124890436284,15.166055608738441,1.9351932956243996,10.041409427032981
225,-0.0552498146245125,-0.0234001499654241,1.0977002604765262,-0.2137154487981825,0.6724771552160721,-0.17657641359777396,0.6862368052053448,0.4277729445374799,0.023736835943723104,0.2611147064017457,0.25325443103040657,0.10868688142722996,0.0849240321614006,0.17422833499842294,-0.005165762259271673,0.15285988486918234,-0.015335014089206045,-0.002193933950481189,-0.5,0.5,0,0.0,0.0,0.0,1.0,17.011711620104315,15.067286250858444,1.9444253692458708,10.294638231098464
228,-0.04635340713588323,-0.033254305481170525,1.1085961491836116,-0.22762755515497388,0.6737426977970217,-0.17718150261501497,0.6803404944808489,0.4266952179494985,0.02399276900124471,0.260438015466906,0.2542005569706015,0.11132758395337629,0.08615608573954747,0.18039656991945754,-0.0051772373595054995,0.15869523479644712,-0.012627295893359525,-0.002696395705807813,-0.5,0.5,0,0.0,0.0,0.0,1.0,16.972684025383877,15.008545675221175,1.9641383501627023,10.123967745615861
231,-0.03900538721756889,-0.04319509729853319,1.1207175556239104,-0.24074898531223363,0.6732734565951802,-0.18020591682007955,0.67547657713539,0.4270967864610112,0.02407313251893944,0.26079185754663786,0.2554237107579033,0.11334194543692903,0.0870564704863618,0.18512050832114446,-0.00517878301561839,0.16317981255757516,-0.010348133242562483,-0.0031067800499142172,-0.5,0.5,0,0.0,0.0,0.0,1.0,16.942224294673082,14.953669890131373,1.9885544045417098,10.523904878934246
234,-0.03257857139123448,-0.053211849752048374,1.1316682551284785,-0.25241858943752715,0.6721861985474468,-0.1835639420016203,0.6713827890149757,0.427319158249748,0.02413671534554151,0.2610008315684392,0.25626852640894665,0.1147713891395566,0.08770581487880649,0.1884544208423485,-0.00518012149225916,0.16634556593842803,-0.008747546476857175,-0.003394534129366539,-0.5,0.5,0,0.0,0.0,0.0,1.0,16.89665318430072,14.890929136284974,2.0057240480157468,10.95397863599958
237,-0.027008865711350787,-0.06319616460727868,1.1419115117561758,-0.2630675454040836,0.6705078440694353,-0.18745693016060838,0.6678881619935997,0.42742290683510414,0.024191203253903067,0.26111458212378963,0.2568807058012275,0.11585101035219193,0.08819942746396703,0.19097152909942502,-0.005181381285537347,0.16873702809426858,-0.0075411848920703,-0.003611033545130247,-0.5,0.5,0,0.0,0.0,0.0,1.0,16.83840695934336,14.819988266648458,2.018418692694901,10.782764899076309
240,-0.022254818800514,-0.07305449327511286,1.1517098423864573,-0.2729565200771934,0.6682435398673757,-0.1919951052928481,0.6648933667261661,0.42745704265640744,0.02423977328946423,0.26117202995319744,0.2573522432822413,0.11671743725968381,0.0885971869252521,0.1929927294104001,-0.005182555882091158,0.17065830168384932,-0.006574047846496866,-0.003784353881791208,-0.5,0.5,0,0.0,0.0,0.0,1.0,16.7689976027953,14.74062077362904,2.0283768291662585,10.911752686433033
243,-0.021298157808225134,-0.08362406395561714,1.1640453748639035,-0.279296059294581,0.6637567487042723,-0.19899759402385583,0.6646959059485534,0.42610314995874893,0.024289461506255258,0.2604023755355295,0.25602861222759976,0.11701251364104234,0.08842347063775172,0.19560129624072992,-0.005175527738249288,0.17327572504506727,-0.004631159946594533,-0.00410622872893926,-0.5,0.5,0,0.0,0.0,0.0,1.0,16.702209681314482,14.675339695603821,2.026869985710661,10.612914664315216
246,-0.02156223856195054,-0.0937070737342055,1.1760998184478335,-0.2854588892792595,0.65821547386904,-0.20745917187405022,0.665000980823442,0.42590263765729947,0.024301458470418157,0.26033602866195804,0.2557785355708247,0.11728672285782037,0.08844927296368829,0.1967939098542526,-0.005178651052963857,0.17445325047982876,-0.003851263384565559,-0.004236968887819476,-0.5,0.5,0,0.0,0.0,0.0,1.0,16.632037458585586,14.602127678123356,2.0299097804622286,10.929814904357308
249,-0.02287377134168529,-0.10348625857787938,1.1873138837225279,-0.2908027279548487,0.6520421746941424,-0.21640839356704647,0.6659145463405062,0.42562120615838417,0.024312902995984185,0.260184884116253,0.25550016553484944,0.11739122871305152,0.08842179918907073,0.1974830199700975,-0.005178034172998866,0.17514183983141712,-0.0033538862617081625,-0.004319269677035873,-0.5,0.5,0,0.0,0.0,0.0,1.0,16.548880980206388,14.51862560039206,2.0302553798143284,11.61638157207631
252,-0.025217491000450443,-0.11286655766959303,1.1978604406646158,-0.295485477166516,0.6451786703960338,-0.2259101317521307,0.6673810219218232,0.42528316034961644,0.024324726240015686,0.2599800692639966,0.25519756311312725,0.11740572201957836,0.08836295186488824,0.197927174858241,-0.0051754639017851855,0.1755936256337121,-0.0029877687891315544,-0.0043788863246294225,-0.5,0.5,0,0.0,0.0,0.0,1.0,16.454007099588384,14.424866194652623,2.029140904935762,11.188111691021994
255,-0.029022160887085688,-0.12184948718814256,1.2094027642508702,-0.2995136539016588,0.6379709759654087,-0.23522669192584064,0.6692929167097519,0.42261217518367994,0.024454362080497876,0.25846316730679253,0.2529427862505676,0.11822401852133148,0.08746219266842331,0.20550386415258826,-0.005260410996569832,0.1833378264330863,0.0037681311077989907,-0.004696061463653602,-0.5,0.5,0,0.0,0.0,0.0,1.0,16.36865783448355,14.33107082137141,2.037587013112141,10.974472683113522
258,-0.028733497808593432,-0.12859131685156708,1.2267546226921024,-0.3102211336338219,0.6332777592684904,-0.24303732635969383,0.6660743095621974,0.42195118107334734,0.024507781861654594,0.2585197664077594,0.2514197701536811,0.12043992368990898,0.08739799425030846,0.21443146561434226,-0.005386697484008129,0.19227626291713434,0.01058228301749141,-0.0050620438536948245,-0.5,0.5,0,0.0,0.0,0.0,1.0,16.34273507001538,14.272986940592636,2.069748129422743,10.978946754974007
261,-0.03013456686003434,-0.13449830015910963,1.2440548441516508,-0.3200785830217628,0.6281135744961824,-0.2516209048653651,0.6631062949928497,0.42145844312385755,0.024629531776910865,0.2588866835985743,0.2499819724088926,0.12357700307651742,0.08748438822600518,0.2264482823089213,-0.005373734282682956,0.20426412630626878,0.019626072885056696,-0.0052694832974889225,-0.5,0.5,0,0.0,0.0,0.0,1.0,16.348151183416604,14.227569115765238,2.120582067651368,10.582263773258742
264,-0.029625797250822244,-0.1409598892099873,1.2578537640864398,-0.3303420208292772,0.6241507236715765,-0.25831423035447293,0.6592296882051453,0.4224237816491199,0.02463878224473846,0.25996395918859805,0.25013778086793276,0.12572893055743334,0.08823062265478003,0.23219812855623637,-0.005414199237420529,0.20987992678571427,0.02292097085383157,-0.005813367828155615,-0.5,0.5,0,0.0,0.0,0.0,1.0,16.330521978317247,14.17379432123063,2.1567276570866167,10.99863569346488
267,-0.029745146735445774,-0.1483188297016489,1.27039324256517,-0.33839733730077187,0.620061130699887,-0.26418255551757835,0.6566726838106843,0.4221464480462787,0.02466550368165096,0.26005573839548685,0.24932622217127884,0.12681057526314424,0.08853636518032429,0.23583971837117293,-0.005431326497146259,0.21347300980549436,0.02521271950187125,-0.006187665566985341,-0.5,0.5,0,0.0,0.0,0.0,1.0,16.29085232322902,14.118738627345648,2.1721136958833727,11.566054088394633
270,-0.03303956455245964,-0.15710872919856253,1.2828414051471737,-0.34308580641881703,0.6147668425195726,-0.2706859768731188,0.6565690829583056,0.4212298284702819,0.024698366594068384,0.259444148266901,0.2485367285830362,0.12658534041401656,0.08822261393703364,0.23640188945740706,-0.005433685393527115,0.2141369408111529,0.026171212727719006,-0.006266984392099007,-0.5,0.5,0,0.0,0.0,0.0,1.0,16.245296759412568,14.078158547348636,2.1671382120639318,11.438454148968763
273,-0.03357944512339691,-0.16626636976268017,1.2966300683335592,-0.34787183040175623,0.6109617441895718,-0.2744898560014147,0.6560230603432249,0.41880719966797375,0.024735247762175394,0.2578595476280932,0.24624009755537943,0.12335247426236473,0.08690834480230178,0.2403094865543698,-0.005145310573787493,0.2184530097452943,0.032346448048461186,-0.006433162089576185,-0.5,0.5,0,0.0,0.0,0.0,1.0,16.22433482935186,14.061882591766446,2.162452237585414,11.28065822148379
276,-0.03276791156066391,-0.17431382976471102,1.3113252252320207,-0.3546223336511302,0.6070306438349384,-0.2787740749172066,0.6542490451465881,0.4178450810292708,0.02478709090808185,0.25727036510738394,0.24539564218582766,0.12229946553795017,0.08619040035647296,0.24304412414320437,-0.00524508070852134,0.22132478943311468,0.035408192137970175,-0.006531155895839257,-0.5,0.5,0,0.0,0.0,0.0,1.0,16.21881324341886,14.05190857539683,2.1669046680220303,11.512089993985047
279,-0.03121303436747309,-0.1814038151428267,1.326263031035561,-0.36219537269980295,0.6035950154761206,-0.2826980139943132,0.6515899033678343,0.4169723597484618,0.02488685456479865,0.25680814426198495,0.24485457797927312,0.12185936966329428,0.08556886076354593,0.24747771577966274,-0.005273760685266963,0.2258738249310608,0.03970945064104113,-0.0065681323803190835,-0.5,0.5,0,0.0,0.0,0.0,1.0,16.230427790329834,14.048061662681933,2.182366127647901,11.569406024159083
282,-0.02971020017024998,-0.18826222899553066,1.3388639044882933,-0.37010897987363334,0.5998622305976681,-0.28704926033378725,0.6486812541311135,0.41743729011651054,0.024916756556392923,0.2571324714147199,0.24549511966074017,0.12241863797265387,0.08584029942916714,0.2490173446495866,-0.005273760685266963,0.22738055607708538,0.040604343477087294,-0.006710625866400469,-0.5,0.5,0,0.0,0.0,0.0,1.0,16.221467426941746,14.02622897455123,2.1952384523905155,11.154829080141695
285,-0.02819421657798336,-0.19537139409517762,1.3488557281795508,-0.3773606146088327,0.5964521245323916,-0.290739199018449,0.6459988760338142,0.4176492048651014,0.024929284761482196,0.257278538055829,0.24577953614212905,0.12265845213535631,0.08596145586323596,0.24966196396346985,-0.005273760685266963,0.22801035697215277,0.04097122916082016,-0.006769137202708553,-0.5,0.5,0,0.0,0.0,0.0,1.0,16.185912151059014,13.985118569090154,2.2007935819688615,10.999178161118778
288,-0.025996729425852513,-0.20342553410018857,1.357213365280391,-0.38372697189554705,0.5942247781394145,-0.2926633042645961,0.643427318678626,0.41670433623517694,0.024935707599339836,0.2566451489379444,0.24482872045908677,0.12124602135603468,0.08548098826543409,0.25029010190326895,-0.005020287394299073,0.22878851698914096,0.042833493208797424,-0.006825060961697488,-0.5,0.5,0,0.0,0.0,0.0,1.0,16.132965643322905,13.938087949647127,2.1948776936757763,12.073269955061072
291,-0.02577139986946773,-0.21335221785287584,1.3664677064511441,-0.3876844255938282,0.5912815687765867,-0.2946996311718734,0.6428366977423146,0.41531945550067495,0.024963884269871905,0.255652654062639,0.24351631789558636,0.11829472561547036,0.08219345762160209,0.25108371954235426,-0.0047934523779989795,0.22990880504353298,0.046222367924229846,-0.006939014372193968,-0.5,0.5,0,0.0,0.0,0.0,1.0,16.096946911618296,13.913796631175321,2.1831502804429763,11.17505572479108
294,-0.02440243022338354,-0.2235284402758496,1.377214653521116,-0.39189114608679093,0.588765533689974,-0.2960996726703198,0.6419512908329347,0.41384207912201176,0.024959393954170694,0.25466209287328884,0.24210892266273373,0.11646646425729588,0.07870830853028214,0.2501530564013402,-0.004826110641498739,0.2291488507513956,0.04791890797130922,-0.0070572254874415605,-0.5,0.5,0,0.0,0.0,0.0,1.0,16.07429075145012,13.911429502196718,2.162861249253405,10.759664836287754
297,-0.024421936741787567,-0.23272085772905582,1.3889912320858449,-0.39592898375742713,0.585038906143108,-0.29885524853536594,0.6416036615719638,0.41246354341915004,0.02502266674655334,0.2538402580633245,0.2410106563202689,0.11550638888948993,0.07578113325139411,0.2523093894479356,-0.0048247078884804066,0.23154871912603475,0.052147047751030504,-0.007113073579975659,-0.5,0.5,0,0.0,0.0,0.0,1.0,16.078200342204923,13.916071076458241,2.162129265746683,11.418829909965744
300,-0.022258934546831723,-0.24109428584562892,1.4004490281751867,-0.40195465968050725,0.5822562606454703,-0.30104732111170485,0.6393595302736542,0.4121436324448407,0.02503469470715098,0.25365579232417657,0.24075929999037204,0.11535376829191166,0.07542505635699734,0.2527435484636862,-0.004825597301781802,0.23203168264780424,0.052854795674622465,-0.0072163172641254,-0.5,0.5,0,0.0,0.0,0.0,1.0,16.082798862090772,13.920909680624089,2.1618891814666843,11.169482642392413
303,-0.021684572024060194,-0.2504377524527698,1.410776631866912,-0.40596664819463574,0.578696757482125,-0.30343339820101106,0.6389282559798669,0.41158141211418287,0.025024372445069148,0.25325721001765655,0.24011291720757252,0.11444855997170521,0.0738795891782405,0.2518937410646459,-0.004834722194775521,0.2312323883726612,0.053208274109354074,-0.00726120077915772,-0.5,0.5,0,0.0,0.0,0.0,1.0,16.07376320194318,13.922754870663203,2.1510083312799755,11.24019216468292
306,-0.019558020417518352,-0.26130658135955864,1.419586220297769,-0.4091421627530551,0.5765127633327071,-0.3039121049816317,0.6386494788362959,0.41139666069405656,0.02492237476624541,0.2529854751456752,0.2389512465814955,0.11355989031579963,0.07192149849489758,0.24574256020626534,-0.005259853105286628,0.225652007438806,0.05164607713168295,-0.007029497859204493,-0.5,0.5,0,0.0,0.0,0.0,1.0,16.05341150177663,13.93796716056734,2.11544434120929,11.676851276610886
309,-0.01727979756990666,-0.27170800205204204,1.4287256533988768,-0.41209126996034673,0.5744530146943384,-0.30416524605185197,0.6384888583407475,0.4106003767440256,0.024816248039931776,0.2523594293441138,0.23735545919822648,0.11251235253531895,0.07017658433697722,0.23980365758074512,-0.005473879591777309,0.22012943707066587,0.0499131598648893,-0.006773060788794953,-0.5,0.5,0,0.0,0.0,0.0,1.0,16.031194505039167,13.954468914571553,2.076725590467616,11.785425249966988
312,-0.01491395600295579,-0.28140229405148715,1.4383579426159259,-0.41518593864825903,0.572255186463921,-0.3046032273988918,0.638248785170866,0.40981422919131727,0.02471404282460824,0.25174560424617115,0.23577526873981328,0.11151408452029017,0.06842079838008029,0.2339496960434463,-0.0056667767497373634,0.21466496272532185,0.04823280474066637,-0.0065206041828300395,-0.5,0.5,0,0.0,0.0,0.0,1.0,16.01135204611601,13.972073794836742,2.039278251279268,11.24060325490126
315,-0.012476112697445252,-0.29039369838084256,1.4484373653943075,-0.41841150499637125,0.5699285944526881,-0.30520828765583896,0.6379350365499967,0.4090367142227636,0.024614937585106952,0.25114178755999333,0.2342042872037941,0.11055540187673031,0.06664893476433277,0.2281375191018522,-0.005842158033509722,0.2092253461664413,0.04658606820299933,-0.006269283910742321,-0.5,0.5,0,0.0,0.0,0.0,1.0,15.993401835140737,13.990546728592953,2.002855106547784,11.687380736408816
318,-0.010259342380611358,-0.2984906550037725,1.4589030305505568,-0.4217727436884444,0.5674609204516526,-0.3060823735480065,0.6375024996381611,0.40814010996163314,0.024563743955223934,0.2505292600843185,0.23284816808784414,0.10980758234526292,0.06527955106006503,0.2253346465255166,-0.005933491551205177,0.2073049659221118,0.047994425694129754,-0.006183431648201352,-0.5,0.5,0,0.0,0.0,0.0,1.0,15.99967799433485,14.016618048278044,1.9830599460568052,11.048240628601
321,-0.007946246279258733,-0.30624385368526014,1.4689404336873155,-0.4253419001084203,0.5648157495656075,-0.3071891325787629,0.6369476225564444,0.4077784302130658,0.024504800770188538,0.25023013153561696,0.2319806873074392,0.10929076265496562,0.06417686569822302,0.22181224376564673,-0.006014522038880801,0.20402182288103757,0.04710389214277559,-0.006045203851136964,-0.5,0.5,0,0.0,0.0,0.0,1.0,16.001532102273046,14.03906158413133,1.9624705181417155,11.227763498851598
324,-0.005494754960592593,-0.313912421911333,1.4784453031020417,-0.4286700599474262,0.5623166968463963,-0.3080364599347167,0.6365182255861302,0.4073164917470389,0.024438243680742423,0.24986015444132628,0.230919824340882,0.10870376658889051,0.06281683270547034,0.21766331429820454,-0.0061166631473732165,0.20011644756782337,0.046013508089559306,-0.005873991426556646,-0.5,0.5,0,0.0,0.0,0.0,1.0,15.996243024543197,14.058075280320042,1.9381677442231562,11.52405028222346
327,-0.0028918104578418897,-0.32130021047573937,1.4876618155103498,-0.43181420148820754,0.5599241573334075,-0.30863074816610125,0.6362141893372136,0.4066615636054074,0.024371199539498088,0.24937240301504454,0.2296281946289148,0.10802786909611778,0.06122252162578891,0.21350030111580606,-0.006205135644944192,0.19649049635615587,0.04591517108227008,-0.005762848692972342,-0.5,0.5,0,0.0,0.0,0.0,1.0,15.989335037805029,14.075973466332718,1.9133615714723111,11.239233736064895
330,-0.00016545665116737872,-0.328189604780325,1.4967720625388374,-0.4352222321112782,0.5572900284501491,-0.3093683921712474,0.6358463893044339,0.4061669649231925,0.02433519533213032,0.24902522363017793,0.2287988249502465,0.10760512735239688,0.0602526036921921,0.21153148595232882,-0.006224515911616107,0.19512534274151608,0.046896824959124964,-0.0057393765375214215,-0.5,0.5,0,0.0,0.0,0.0,1.0,15.999631123718634,14.09850124734127,1.901129876377365,10.938736501056505
333,0.002702292120119625,-0.33515854531675193,1.5049733807363153,-0.438491301212694,0.5547295174264634,-0.3099593840493767,0.6355515097113157,0.4059182856458166,0.024290269108823297,0.24881223433754532,0.2281018888966307,0.1072459243878558,0.05923680986411176,0.20857839990026614,-0.0062846001829247175,0.19236305072842622,0.04619200287179895,-0.005624802615336873,-0.5,0.5,0,0.0,0.0,0.0,1.0,16.0006517890161,14.115543352347679,1.8851084366684212,11.078351450467864
336,0.0054805336955756935,-0.34219031739925343,1.5124817240002288,-0.44132244600574033,0.5522174307817728,-0.3103162296594236,0.635605416435581,0.405426298287648,0.024239747563909543,0.24844469805751437,0.22710587219195308,0.10669805635894289,0.05807371160462054,0.20517668862324237,-0.006356302997108751,0.1890714990816053,0.04510690231105086,-0.005448756627820742,-0.5,0.5,0,0.0,0.0,0.0,1.0,15.992070369677101,14.1272345967546,1.864835772922502,11.806702388268402
339,0.008835942066605434,-0.34905995198688267,1.5195495635734209,-0.4442703296203428,0.5501669089731249,-0.3102673690405183,0.6353537646057227,0.40495036634457066,0.02418190299403435,0.24807194315266182,0.22598878880594986,0.10608693298497557,0.056591669754685416,0.20113712719109664,-0.006455465096614913,0.18532828092684642,0.04431829032315735,-0.005340463963090826,-0.5,0.5,0,0.0,0.0,0.0,1.0,15.978752924703423,14.1363816256813,1.8423712990221222,11.246143187166508
342,0.011878852290725697,-0.3558269501899684,1.5263470951529157,-0.44672346271644103,0.547907711734547,-0.31012401173919246,0.6356558696521524,0.4041903314999433,0.02412873875380768,0.24753636851856986,0.2246427743984187,0.1053754810994876,0.055042793566893136,0.1976416726114291,-0.00647413670354436,0.18253338560748283,0.04497460468074627,-0.005147959676533719,-0.5,0.5,0,0.0,0.0,0.0,1.0,15.967970723981637,14.146489975500089,1.821480748481549,10.254016208955854
345,0.015328585886156576,-0.3618958962159324,1.5328866509495278,-0.4496221603713996,0.5455484362958734,-0.31002582416412283,0.6356892361126143,0.40366373439546527,0.02410094016685588,0.24717895466050518,0.22379727449363176,0.10492811724915908,0.05421291220937667,0.19558559778743478,-0.006525766410868145,0.18057389395589468,0.04444936953376192,-0.00505438321155824,-0.5,0.5,0,0.0,0.0,0.0,1.0,15.965470187879461,14.15766315173125,1.807807036148212,11.292592090566995
348,0.019197884954192765,-0.3681342593610363,1.5386159533742403,-0.4523870961217547,0.5435610016351559,-0.30951388078496694,0.6356795657918709,0.4032682813775036,0.02405502150072925,0.2468735310834722,0.22287711675471444,0.1044487845242459,0.05300740424107864,0.1922050648500553,-0.006600899941268758,0.1773473716455294,0.043439914334083694,-0.004883679865096335,-0.5,0.5,0,0.0,0.0,0.0,1.0,15.954472060910277,14.16500526396,1.7894667969502778,11.79639264249547
351,0.0227096526816502,-0.37445240688409065,1.5438731090816533,-0.454620550194617,0.5414027395400537,-0.3089474778617931,0.6362033361136245,0.4027662466250542,0.024005111907652192,0.24649502998293657,0.22173443807307083,0.10389564710158368,0.05143514545056846,0.1883416731106567,-0.0067030413401390244,0.17381877545169738,0.042897072935682595,-0.004785621156243504,-0.5,0.5,0,0.0,0.0,0.0,1.0,15.938338303432271,14.169556905155586,1.768781398276686,11.35639864567792
354,0.026690921222606932,-0.38043431116870313,1.5488918183819025,-0.4570189375426032,0.5396770654656567,-0.308097859060047,0.6363631549519685,0.40218893767999775,0.023957311537079067,0.2460768712426076,0.22055273328773597,0.10334492800827287,0.04993141053296542,0.18446004622146703,-0.006816262148233781,0.17011643761333972,0.04176267653574324,-0.004588084272444778,-0.5,0.5,0,0.0,0.0,0.0,1.0,15.920739405829375,14.17335294038432,1.747386465445056,11.701869726209248
357,0.02563578938306971,-0.3848663731835972,1.5523888587035277,-0.4574430754339211,0.5370104389457487,-0.3089044264918971,0.6379213717179903,0.4014285636167764,0.023957438547729647,0.24561610551464422,0.21969131342659803,0.10292460516003993,0.04946388976897545,0.1835051561724286,-0.007387858091369857,0.16893934359641943,0.04170936388982462,-0.0045377436568472575,-0.5,0.5,0,0.0,0.0,0.0,1.0,15.90576584503687,14.168865682395207,1.736900162641662,11.306352781347597
360,0.0174588435752411,-0.3866239521936612,1.551443119056199,-0.45535482712194325,0.5349495429726216,-0.3114888802576009,0.6398872130039749,0.4015283659888692,0.023948351164489394,0.24567849304725806,0.21987679960706719,0.10306112775623359,0.049699762966743825,0.18409286138813957,-0.0071484747472997994,0.16957896634925584,0.04260064979598109,-0.004558598449254369,-0.5,0.5,0,0.0,0.0,0.0,1.0,15.888412315091717,14.14777307520085,1.7406392398908659,11.863681783361368
363,0.015990773986380154,-0.3893508295952166,1.5485728455663248,-0.4552780016408757,0.5378748093427571,-0.3101795086962853,0.6381232663689003,0.40145086617405146,0.0239368124115324,0.24559628522042634,0.21941140729832798,0.102867682261855,0.04856980022860053,0.18252641821443152,-0.007095971334358195,0.1687670511557046,0.043314444192727605,-0.0045433601973891985,-0.5,0.5,0,0.0,0.0,0.0,1.0,15.867834228304563,14.133430216484728,1.7344040118198347,11.820960629097044
366,0.015491048975537701,-0.3915504311549213,1.5448106215086834,-0.4559352098121306,0.5413272489966919,-0.30864018273732474,0.6354755160878448,0.4012112046764847,0.02393456635681132,0.24544566191873915,0.21909474818712696,0.10270939148442743,0.04827025202338036,0.18217831002150994,-0.007100875520729716,0.16856375740363344,0.04348605788597271,-0.004543217774060811,-0.5,0.5,0,0.0,0.0,0.0,1.0,15.838338375363143,14.107171427184417,1.7311669481787264,11.59225179532693
369,0.01306004668130887,-0.39685681377149523,1.5393157126903998,-0.45312369318636914,0.5435012064789329,-0.3066275373714892,0.636604202432395,0.40102828820028524,0.02394689026046521,0.24528545428874435,0.2181705367103173,0.10232463941941261,0.04596371846642418,0.17811728130554694,-0.007912033320498217,0.1659150316631797,0.04252443897731696,-0.004443437507291364,-0.5,0.5,0,0.0,0.0,0.0,1.0,15.807219828212471,14.092781278904322,1.7144385493081478,11.00319082334591
372,0.011161439693839172,-0.4018373274244747,1.5338076994800778,-0.4502591314882613,0.5457351938850968,-0.30432946146617634,0.6378270859334365,0.40030886872995564,0.023951411053722595,0.24481865251817378,0.2169441598937007,0.10180266724470811,0.044137748619475656,0.1748041812134845,-0.008610973662166899,0.16360615185976146,0.04148172214697506,-0.004474941019613569,-0.5,0.5,0,0.0,0.0,0.0,1.0,15.773970686368639,14.077610149106906,1.6963605372617319,11.473521918173965
375,0.009748043639919353,-0.40639418155118034,1.5282330201567795,-0.4476008200870902,0.547807489993081,-0.3020603960602093,0.6389991994492593,0.39967717763387206,0.023956637546105948,0.24440767903349092,0.2158377578178449,0.1013365391498871,0.04244643133066126,0.1717421231198405,-0.009270776665684611,0.16146622059758992,0.04048207505510664,-0.00450395239027133,-0.5,0.5,0,0.0,0.0,0.0,1.0,15.740878732476844,14.060782030929259,1.6800967015475856,12.212112234884344
378,0.008727127067130426,-0.41072511126238,1.5224519924167845,-0.44500161735462895,0.5498326034550797,-0.2997614394466647,0.640156815280785,0.39908116601595867,0.023971441103209777,0.24402331663890142,0.2147525505750964,0.10089010168659858,0.04070234121233064,0.16857755099586752,-0.01012690685825402,0.15912741775685196,0.03873725628881123,-0.004167798048745688,-0.5,0.5,0,0.0,0.0,0.0,1.0,15.70454209338509,14.04103027894868,1.6635118144364092,12.398027399478867
381,0.008173035476567406,-0.4148273425880438,1.51648742133052,-0.44245367118502665,0.5518186199409443,-0.29733810283432066,0.6413431313612479,0.3984355905675881,0.023985208328450927,0.24361158270094072,0.21363909199740763,0.10045748690735624,0.03896151172997654,0.1656515832996756,-0.010784613513774362,0.15710410178518974,0.037753321968202386,-0.004075956925291849,-0.5,0.5,0,0.0,0.0,0.0,1.0,15.668382931628829,14.020360124340746,1.648022807288082,12.175771499678794
384,0.00806794822376996,-0.41874546439521737,1.5102535408518751,-0.4399753320739178,0.5537449076002054,-0.29483710799297563,0.6425413326966788,0.39784772497756876,0.024003925653405193,0.24323913234073835,0.21259586422376983,0.10007170287429074,0.037259856560791,0.16283678276127814,-0.011489900780582067,0.15509100649171623,0.036548960273045994,-0.003978435806891398,-0.5,0.5,0,0.0,0.0,0.0,1.0,15.631441880665072,13.9980587270964,1.6333831535686723,11.755782946839062
387,0.008429803166250279,-0.42253594625936797,1.5036839479999355,-0.4374979849980638,0.5556634259107555,-0.29217752880253284,0.6437903089443033,0.3972533689290873,0.024027396279195614,0.24286687213964916,0.21153908300117363,0.09971720967927306,0.03548001433457132,0.16008317667139224,-0.012243183783360312,0.15310764340547603,0.035312275730652785,-0.0038807227306435163,-0.5,0.5,0,0.0,0.0,0.0,1.0,15.593017027454561,13.97399954876222,1.6190174786923408,12.533487028240373
390,0.009228858004123422,-0.42621259908987075,1.4967801083687395,-0.43501477118488974,0.5575795546119922,-0.2893514321124213,0.6450914182223644,0.39665103954106357,0.02405538780038466,0.24249466725902388,0.21045381437002317,0.09942962431761261,0.03354461759793183,0.1573799227923039,-0.012999103019676357,0.1511169410782576,0.034040064908669475,-0.0037715936513498445,-0.5,0.5,0,0.0,0.0,0.0,1.0,15.553098172025136,13.948281323820847,1.604816848204289,12.33916934219918
393,0.010148032236675776,-0.42989942324926445,1.4895856109765986,-0.4324927327564366,0.5595115321932543,-0.2864285020186704,0.6464175080294213,0.39606860291030843,0.024080595561422728,0.24213363315562345,0.20935097286420856,0.09922484532985743,0.031425717225858164,0.15454911546688216,-0.013587060133212533,0.1490032315457489,0.03276566167969477,-0.0036752901304901806,-0.5,0.5,0,0.0,0.0,0.0,1.0,15.51155551644849,13.921060607844844,1.5904949086036473,12.210793988441464
396,0.011077300192803355,-0.43362210045325505,1.4821134325568308,-0.42990548300600834,0.5614733889516136,-0.28343281527543984,0.6477613359915821,0.3954964741410299,0.024105920189845666,0.24178017374767577,0.20822249204197843,0.09909795746306244,0.02911291589769308,0.15167126030575795,-0.014085620156666359,0.14676820234449742,0.03152052517238388,-0.0036045448160896207,-0.5,0.5,0,0.0,0.0,0.0,1.0,15.468616399812632,13.892462402467256,1.576153997345375,12.704401726438732
399,0.012020894213583277,-0.43737694855969833,1.4743839634649476,-0.42724728360509795,0.5634767495297366,-0.28035526683512013,0.6491183526517149,0.3949096066380702,0.02412954302373521,0.2414167815024163,0.20707341558299397,0.09897155391965387,0.02677504920110593,0.1486936504369883,-0.014537285910588268,0.14445738908331868,0.030205360960241286,-0.003512543938827827,-0.5,0.5,0,0.0,0.0,0.0,1.0,15.424309523992223,13.862692827706681,1.5616166962855418,12.875690120963926
402,0.01296436923500995,-0.4411515392187941,1.4664166657803612,-0.42451667976295376,0.5655194943915114,-0.27720203761544443,0.6504862184612775,0.39430233203116166,0.02415191122396177,0.24104114473865157,0.2058997141291736,0.09885780362043585,0.02440146385693654,0.1456355534176015,-0.014946503190092811,0.1420660139064927,0.028839864342212557,-0.003399133176020779,-0.5,0.5,0,0.0,0.0,0.0,1.0,15.378779658326543,13.831876543640726,1.5469031146858174,11.238985275115205
405,0.013899450347200555,-0.4449351731581288,1.4582286759023801,-0.42171566092310764,0.5675934924906325,-0.273980791863045,0.6518650583553101,0.39367481650045544,0.02417754567697514,0.24065841158993873,0.20467341482098306,0.09881318741404511,0.02189352268325218,0.14265542053662106,-0.01542155974535037,0.13957898898703733,0.0274797924240479,-0.0032650007579383944,-0.5,0.5,0,0.0,0.0,0.0,1.0,15.332358623006526,13.800098863460374,1.5322597595461527,12.606151408100521
408,0.014831668820738449,-0.44872150237161146,1.4498376053791449,-0.41885182731755116,0.5696955247930541,-0.2706953364904876,0.6532489499308948,0.3930403968899499,0.024198349627138845,0.2402682957045147,0.20342224350902272,0.09875407033150889,0.019410712087259356,0.13957263966839106,-0.015853907310051634,0.13695612777182709,0.026150138991822124,-0.0031323610939522463,-0.5,0.5,0,0.0,0.0,0.0,1.0,15.284920934224997,13.767483886982879,1.5174370472421184,12.477616233527685
411,0.015761761073595795,-0.4525007362924885,1.4412622423938837,-0.4159336121203114,0.5718184553137243,-0.2673533793200502,0.6546335272786798,0.3924110597722081,0.024210820705063807,0.23987406732593666,0.20216071068956415,0.09863294025552441,0.017015222741475794,0.1363559281098788,-0.016225948509872364,0.13417619580635629,0.024879827419289187,-0.003010862344582448,-0.5,0.5,0,0.0,0.0,0.0,1.0,15.236554890307922,13.734121676995729,1.5024332133121925,12.562702703812946
414,0.0166893428741031,-0.4562633778107598,1.4325197471191586,-0.41296386706280763,0.5739597248648122,-0.2639566305201338,0.6560167497389822,0.3917722659243779,0.024224264513970556,0.23947490016832285,0.2008799476627021,0.09851684781591846,0.014583768157936274,0.13310066494183126,-0.016609849104476448,0.13135919400162513,0.023583791385442775,-0.0028898552449164072,-0.5,0.5,0,0.0,0.0,0.0,1.0,15.187611605394626,13.700096512679286,1.4875150927153402,12.167150197947059
417,0.017611273651762314,-0.4600002057600197,1.4236254064553604,-0.40994638454716587,0.5761156312335566,-0.26050980091662035,0.6573959118152856,0.39112331308848514,0.024239947511802484,0.2390707111497708,0.1995851785019227,0.09839555154707536,0.012128220064865568,0.1298136568111421,-0.017023702350723938,0.12853582093461724,0.022250669040765704,-0.002772231435003235,-0.5,0.5,0,0.0,0.0,0.0,1.0,15.138227422398561,13.665485049749469,1.4727423726490925,11.57987989305461
420,0.01792795529194931,-0.46137269715758294,1.4177258449341703,-0.4110530413031779,0.5753259981936034,-0.2617854491789945,0.6568894668329626,0.3987088178683721,0.024173856140979326,0.2422261224390035,0.20027217163438876,0.09881382025685617,0.010058145917568916,0.12620911914230953,-0.017360788109024753,0.12573618710560008,0.02086267015539106,-0.0026906590785490832,-0.5,0.5,0,0.0,0.0,0.0,1.0,15.141598537073245,13.638183090166493,1.5034154469067513,11.957750480800938
423,0.017867501524542712,-0.4611542737385907,1.4149436385583545,-0.41397896718760707,0.573217956559165,-0.26513354210227075,0.6555507561255045,0.40845361602262176,0.024089902865527035,0.24636019757915353,0.2018179681789788,0.09956452067329587,0.008481482019967757,0.12354800396724207,-0.017588890265473965,0.12365875684924231,0.019844213111917357,-0.002624573959234599,-0.5,0.5,0,0.0,0.0,0.0,1.0,15.172327384412746,13.621881404010876,1.5504459804018704,12.07648636760517
426,0.017833365467817944,-0.46097457245263657,1.4128143809011906,-0.4161896853583923,0.5716108539843612,-0.2676537614685375,0.6545293281284614,0.4158595212751109,0.024022629354984094,0.24950081997112386,0.2029718662958497,0.1001585511612968,0.007203292686336127,0.12136401409861979,-0.017620113095135278,0.12209630868187384,0.019238803169548502,-0.002576336436083919,-0.5,0.5,0,0.0,0.0,0.0,1.0,15.196263774966368,13.609403482063302,1.5868602929030664,12.46244662807143
429,0.01781232783495165,-0.460814469791989,1.411000768870911,-0.41806609887887264,0.5702405666170155,-0.2697853740778096,0.6536530311152867,0.4221565213923101,0.023964073908140298,0.25217078678028987,0.20396031295757963,0.10060451359129495,0.0061516713132186785,0.11943916631916178,-0.01762206593264189,0.12078793906575853,0.01882708613365785,-0.0025537141445426586,-0.5,0.5,0,0.0,0.0,0.0,1.0,15.217066464247917,13.598734513822507,1.6183319504254117,12.141011578504411
432,0.017792483382048006,-0.46066099325330145,1.4093288358520433,-0.4197794439037421,0.568982414405561,-0.2717321190473255,0.652844457777757,0.42792408433811047,0.023910762874914462,0.2546189167999799,0.20486527612490998,0.10100517569824816,0.005186551760168378,0.11764457781998502,-0.01761846997739769,0.11959929969053097,0.018509936904581067,-0.0025362992249616132,-0.5,0.5,0,0.0,0.0,0.0,1.0,15.23650866577243,13.588888831931335,1.647619833841094,12.842348376349499
435,0.017771221822470522,-0.46050796386832615,1.4077164899726595,-0.4214125277367286,0.5677757453052038,-0.2735901487583804,0.6520664191721794,0.43344062108430303,0.023860857861103313,0.2569636484427585,0.20573019748774815,0.10138727975340543,0.00425333286171373,0.11592741084223157,-0.01762484559808118,0.1184658319771437,0.01824143298772261,-0.0025201307513531106,-0.5,0.5,0,0.0,0.0,0.0,1.0,15.255475275920594,13.579395932376446,1.6760793435441474,11.688730135944484
438,0.01774781180765068,-0.4603521014587561,1.4061258158835968,-0.42300396656310757,0.5665923863300761,-0.27540389674610694,0.6513013171196007,0.43883629059114265,0.02381339971679026,0.2592601172167722,0.20657468550183372,0.101764762282204,0.0033244929517298673,0.11425869906888911,-0.01764334984628771,0.11735922545011869,0.017998056773487522,-0.002503952682863666,-0.5,0.5,0,0.0,0.0,0.0,1.0,15.274393186732384,13.570042577519054,1.7043506092133303,12.180031337670625
441,0.01772203572989734,-0.4601919473659681,1.4045395028643872,-0.42457177727396384,0.5654192039519105,-0.2771940133594295,0.6505408585957596,0.44417185330788767,0.023767840230688734,0.26153400800495147,0.20740773948365365,0.10214500134170595,0.002386104337775029,0.11262360328059494,-0.01767214087344065,0.11626496353056422,0.01776787508060208,-0.0024871026942121515,-0.5,0.5,0,0.0,0.0,0.0,1.0,15.293466478347836,13.560733211235503,1.7327332671123332,12.889469600022386
444,0.01769393109002539,-0.4600268900916873,1.4029498535720013,-0.42612432837465375,0.5642501545524687,-0.2789699985439191,0.6497811629827162,0.449475573435618,0.02372374298799504,0.26379713881673095,0.20823345505627622,0.1025319440397189,0.001431580836255659,0.11101238745274802,-0.01770614633556466,0.11517452798929738,0.017544671373660434,-0.0024686918099454435,-0.5,0.5,0,0.0,0.0,0.0,1.0,15.312788672210914,13.551426682521434,1.761361989689479,12.594216516910905
447,0.0176520951921641,-0.4598205754308379,1.4015900871103666,-0.42728264595613596,0.5633715036242297,-0.28029717445972696,0.6492115089543555,0.45273312592125015,0.024061986347095714,0.2658225517836995,0.2094065952269267,0.10299648395384967,0.0005187475203081765,0.1094364239470668,-0.017731229326840372,0.11411933541838856,0.01731077973507458,-0.0024431194558937946,-0.5,0.5,0,0.0,0.0,0.0,1.0,15.3244687176829,13.543033015260994,1.781435702421906,12.355387092288298
450,0.017551515573741776,-0.4593985331665916,1.401251108848418,-0.4277680872370375,0.5630049743882615,-0.2808507080856447,0.6489705248494967,0.4520402687364688,0.025038061674018633,0.26721400361470193,0.21112095675157116,0.10352000348563528,-7.237087335238053e-05,0.10819671349860635,-0.017686715977902744,0.1134251758418536,0.01722069623528164,-0.0024269085941496433,-0.5,0.5,0,0.0,0.0,0.0,1.0,15.323218194470462,13.538987449113828,1.7842307453566348,11.555107934283301
453,0.017469940534737827,-0.4590591155811015,1.4009763759903522,-0.42815055636324806,0.5627197334711644,-0.28128448905847975,0.6487778039229555,0.451498196916935,0.025809419815527625,0.2683180202901626,0.2124727507490208,0.10392594591926622,-0.0005635146314216693,0.10710043299705153,-0.01758142966508457,0.11290396179191678,0.01732190077348208,-0.002414660355219078,-0.5,0.5,0,0.0,0.0,0.0,1.0,15.322130045870264,13.535681593798905,1.7864484520713573,11.92226404052511
456,0.01739012795819084,-0.4587411879979327,1.4007202250003061,-0.4285145137403942,0.5624473504817007,-0.28169783900141465,0.6485943392844881,0.45099906864079387,0.02653355556418772,0.2693610278096302,0.21374632300255292,0.10429407748131796,-0.0009993149003274032,0.10603463454962608,-0.017473777384994508,0.11239158964662302,0.017473290459768056,-0.002396433783150024,-0.5,0.5,0,0.0,0.0,0.0,1.0,15.321124207336254,13.53253970017976,1.7885845071564948,11.867843086606435
459,0.017309922431690355,-0.4584300898689385,1.4004712470397462,-0.4288763447135765,0.562175333375045,-0.28210920369605447,0.6484121935002123,0.4505078533084395,0.027249451233687313,0.27039218167461715,0.2150062483460952,0.10465518036776365,-0.0014220124334918477,0.10499568738207658,-0.01738686593639797,0.11187507946199277,0.017621585394051762,-0.0023793198488642,-0.5,0.5,0,0.0,0.0,0.0,1.0,15.320207558045963,13.529443465864949,1.7907640921810148,12.229115440336932
462,0.01722932640846115,-0.458118044419027,1.4002193735129096,-0.4292353795876715,0.5619041525252731,-0.2825184701346896,0.6482314604505374,0.4500159308305175,0.0279648545400556,0.27142010337862205,0.21626145985519304,0.10502019354288418,-0.001852608484388813,0.10397454193903757,-0.017315604489342374,0.11136241207553665,0.01777069075977255,-0.002363200639514346,-0.5,0.5,0,0.0,0.0,0.0,1.0,15.319347585548567,13.526345383756897,1.7930022017916685,11.773447559828679
465,0.017148270956474396,-0.4578028243880451,1.3999616192918067,-0.4295914807351577,0.5616342877970096,-0.28292534184403273,0.6480519557820634,0.4495206498402093,0.028681658038370337,0.2724472150728218,0.21751478153152015,0.10539357885213164,-0.002298970003438315,0.1029559393049182,-0.017242057318282863,0.11085546918215924,0.017921606968500658,-0.002347255969134186,-0.5,0.5,0,0.0,0.0,0.0,1.0,15.318514483364705,13.523226724935643,1.7952877584290616,12.594885701154379
468,0.01706663971437052,-0.45748508495007234,1.3996993197772063,-0.4299459845877381,0.5613649522295868,-0.28333100365295333,0.6478729683465457,0.4490225024261937,0.029400253191645905,0.27347482995324546,0.21876831675512345,0.10577387956704636,-0.002757721459450547,0.10193570278793791,-0.01716341975462438,0.11035086412808305,0.01807378442907201,-0.002331429398552891,-0.5,0.5,0,0.0,0.0,0.0,1.0,15.317708753549393,13.520087547679692,1.7976212058697014,11.846051193972965
471,0.016984434641117745,-0.45716560239799753,1.39943398606466,-0.43029988809773323,0.5610954511816659,-0.2837363863757591,0.6476940358014321,0.44852236530751693,0.03012058556800644,0.27450340727590244,0.22002306954768258,0.10615919507075959,-0.0032243388059250877,0.10091529271752439,-0.017082741005675972,0.10984569571877227,0.018224811417526278,-0.002315794571398024,-0.5,0.5,0,0.0,0.0,0.0,1.0,15.316939715853124,13.516933193241856,1.8000065226112683,12.064887539662607
474,0.016901703911218993,-0.45684470173648833,1.399166291980496,-0.43065360142599063,0.5608254860991381,-0.2841418726266429,0.6475149773871752,0.4480206887619221,0.030842595510981514,0.275533079655225,0.22127934273406133,0.10654856934225537,-0.003696596716064952,0.09989622647274377,-0.017002534334763557,0.10933868781319225,0.01837383046333021,-0.002300387564433705,-0.5,0.5,0,0.0,0.0,0.0,1.0,15.31621300767597,13.513766649992542,1.8024463576834273,12.289584869427042
477,0.0168185172620783,-0.4565224614393982,1.398896439870674,-0.4310072113026992,0.5605550047764604,-0.28454751886965024,0.6473357551767543,0.44751761162730297,0.03156624361489497,0.2765638425648025,0.2225371627766911,0.10694149692306226,-0.004173710100242656,0.09887904054523189,-0.01692357686185131,0.1088295294470677,0.018520596100324443,-0.0022852062489126957,-0.5,0.5,0,0.0,0.0,0.0,1.0,15.315530576944717,13.51058925122601,1.8049413257187066,12.870019293853865
480,0.016734975336704545,-0.4561989421068016,1.3986246037715702,-0.43136078816497686,0.560283952597133,-0.2849533637492237,0.6471563515749699,0.44701337275713643,0.03229142987017731,0.2775956362384149,0.2237964368789797,0.10733725055365248,-0.004654550191050193,0.09786428215049339,-0.01684689106119047,0.10831782747117667,0.018665560673681105,-0.002270150912581887,-0.5,0.5,0,0.0,0.0,0.0,1.0,15.31489375518367,13.507401913049817,1.8074918421338533,12.128996082173723
483,0.01665120858804875,-0.4558742156467021,1.3983509901191673,-0.4317143965614786,0.5600122532382135,-0.28535944507500743,0.6469767717090785,0.44650818882651505,0.03301806465091786,0.27862839687788765,0.22505705871638884,0.10773484677754655,-0.0051376580054983845,0.09685281872221811,-0.016773919177325253,0.10780307166873151,0.01880925264277605,-0.0022551187242091262,-0.5,0.5,0,0.0,0.0,0.0,1.0,15.314303834245026,13.504205734680708,1.810098099564318,12.18545518945375
486,0.016567398503724545,-0.45554833112260434,1.3980758035244139,-0.4320680841075095,0.559739823883095,-0.28576577822060717,0.6467970471894247,0.4460021564191654,0.033746106549211057,0.2796620802003277,0.2263189470433765,0.10813302720375088,-0.005621205915120429,0.09584577882963383,-0.016706597622255084,0.10728451492133824,0.01895269008470961,-0.0022400135403262077,-0.5,0.5,0,0.0,0.0,0.0,1.0,15.31376137502282,13.501001721791086,1.8127596532317332,12.179928951107575
489,0.016483828859252068,-0.45522144792729613,1.3977994358180557,-0.43242182828655995,0.5594666169362603,-0.2861722717480975,0.6466172730740634,0.44549521552622195,0.03447538401776091,0.28069637177123186,0.22758178109235844,0.10852978774337854,-0.006101525197892253,0.09484498685000475,-0.01664808819272444,0.10676016582207892,0.019097811811789413,-0.0022246968804138525,-0.5,0.5,0,0.0,0.0,0.0,1.0,15.313264735006767,13.497792025618715,1.8154727093880525,11.56711840987228
492,0.01640105181502507,-0.4548942540818334,1.3975231502726304,-0.43277546430741043,0.5591926703240098,-0.28657854909517777,0.6464376923941793,0.44498596286695774,0.0352050881144968,0.28173002927246876,0.228845848727371,0.10891916098789511,-0.006561157235719702,0.09384234815892775,-0.016594646202434206,0.10621576771995522,0.019252295521648182,-0.0022088020125326877,-0.5,0.5,0,0.0,0.0,0.0,1.0,15.312780227150284,13.494581940859948,1.8181982862903354,11.91060602933419
495,0.01631931207146609,-0.4545678383855532,1.3972490388518366,-0.4331306770366699,0.5589171983853007,-0.2869858068895973,0.6462573238291455,0.4444760614535687,0.035934390945793794,0.28276343659713804,0.230111696715461,0.10929671812690504,-0.00698476163579895,0.09282470038323438,-0.016537236158463343,0.10563938510644703,0.01942160156432976,-0.0021907095018522376,-0.5,0.5,0,0.0,0.0,0.0,1.0,15.312285848842736,13.491371119493005,1.8209147293497308,11.709876501347592
498,0.016237512582073465,-0.45424355850924203,1.396979043611718,-0.4334895741827845,0.5586384677700083,-0.2873965502423656,0.6460751305468995,0.4439707204210555,0.03666383681918478,0.2837992280339286,0.231379044895531,0.1096638989584054,-0.007384297503720743,0.0918075159278234,-0.01649385422283768,0.10504285926249474,0.019603461524584295,-0.0021700091000047815,-0.5,0.5,0,0.0,0.0,0.0,1.0,15.311848450884014,13.488164078441306,1.823684372442708,12.089260391952148
